-- phpMyAdmin SQL Dump
-- version 4.9.7
-- https://www.phpmyadmin.net/
--
-- Host: localhost:3306
-- Generation Time: Jul 15, 2022 at 09:42 AM
-- Server version: 5.7.38
-- PHP Version: 7.4.30

SET SQL_MODE = "NO_AUTO_VALUE_ON_ZERO";
SET AUTOCOMMIT = 0;
START TRANSACTION;
SET time_zone = "+00:00";


/*!40101 SET @OLD_CHARACTER_SET_CLIENT=@@CHARACTER_SET_CLIENT */;
/*!40101 SET @OLD_CHARACTER_SET_RESULTS=@@CHARACTER_SET_RESULTS */;
/*!40101 SET @OLD_COLLATION_CONNECTION=@@COLLATION_CONNECTION */;
/*!40101 SET NAMES utf8mb4 */;

--
-- Database: `milanpor_instrukcije`
--
CREATE DATABASE IF NOT EXISTS `milanpor_instrukcije` DEFAULT CHARACTER SET utf8 COLLATE utf8_general_ci;
USE `milanpor_instrukcije`;

-- --------------------------------------------------------

--
-- Table structure for table `instrukcije`
--

DROP TABLE IF EXISTS `instrukcije`;
CREATE TABLE `instrukcije` (
  `IdInstrukcija` int(11) NOT NULL,
  `DatumInstrukcije` datetime DEFAULT NULL,
  `Iznos` decimal(7,2) DEFAULT NULL,
  `IdUsluga` int(11) DEFAULT NULL,
  `Opis` mediumtext,
  `DatumAzur` datetime DEFAULT NULL
) ENGINE=MyISAM DEFAULT CHARSET=utf8;

--
-- Dumping data for table `instrukcije`
--

INSERT INTO `instrukcije` (`IdInstrukcija`, `DatumInstrukcije`, `Iznos`, `IdUsluga`, `Opis`, `DatumAzur`) VALUES
(1, '2018-01-06 00:00:00', '300.00', 1, NULL, NULL),
(2, '2018-01-06 00:00:00', '1000.00', 2, NULL, NULL),
(3, '2018-01-08 00:00:00', '300.00', 3, NULL, NULL),
(4, '2018-01-09 00:00:00', '140.00', 1, NULL, NULL),
(5, '2018-01-11 00:00:00', '350.00', 3, NULL, NULL),
(6, '2018-01-15 00:00:00', '100.00', 1, NULL, NULL),
(7, '2018-01-17 00:00:00', '140.00', 4, NULL, NULL),
(8, '2018-01-18 00:00:00', '400.00', 5, NULL, NULL),
(9, '2018-01-23 00:00:00', '300.00', 6, NULL, NULL),
(10, '2018-01-30 00:00:00', '1100.00', 5, NULL, NULL),
(11, '2018-01-30 00:00:00', '600.00', 1, NULL, NULL),
(12, '2018-02-06 00:00:00', '140.00', 1, NULL, NULL),
(13, '2018-02-08 00:00:00', '140.00', 1, NULL, NULL),
(14, '2018-02-09 00:00:00', '140.00', 1, NULL, NULL),
(15, '2018-02-10 00:00:00', '140.00', 1, NULL, NULL),
(16, '2018-02-11 00:00:00', '300.00', 7, NULL, NULL),
(17, '2018-02-13 00:00:00', '140.00', 1, NULL, NULL),
(18, '2018-02-15 00:00:00', '280.00', 1, NULL, NULL),
(19, '2018-02-16 00:00:00', '280.00', 1, NULL, NULL),
(20, '2018-02-18 00:00:00', '350.00', 7, NULL, NULL),
(21, '2018-02-20 00:00:00', '280.00', 1, NULL, NULL),
(22, '2018-02-22 00:00:00', '140.00', 1, NULL, NULL),
(23, '2018-02-23 00:00:00', '200.00', 7, NULL, NULL),
(24, '2018-02-26 00:00:00', '140.00', 1, NULL, NULL),
(25, '2018-02-28 00:00:00', '140.00', 1, NULL, NULL),
(26, '2018-02-28 00:00:00', '300.00', 7, NULL, NULL),
(27, '2018-03-12 00:00:00', '600.00', 1, NULL, NULL),
(28, '2018-03-13 00:00:00', '140.00', 1, NULL, NULL),
(29, '2018-03-14 00:00:00', '240.00', 1, NULL, NULL),
(30, '2018-03-15 00:00:00', '140.00', 8, NULL, NULL),
(31, '2018-03-16 00:00:00', '140.00', 1, NULL, NULL),
(32, '2018-03-20 00:00:00', '200.00', 1, NULL, NULL),
(33, '2018-03-20 00:00:00', '360.00', 9, NULL, NULL),
(34, '2018-03-21 00:00:00', '140.00', 1, NULL, NULL),
(35, '2018-03-22 00:00:00', '240.00', 1, NULL, NULL),
(36, '2018-03-26 00:00:00', '200.00', 3, NULL, NULL),
(37, '2018-03-26 00:00:00', '140.00', 1, NULL, NULL),
(38, '2018-03-27 00:00:00', '740.00', 1, NULL, NULL),
(39, '2018-03-27 00:00:00', '600.00', 5, NULL, NULL),
(40, '2018-03-29 00:00:00', '240.00', 1, NULL, NULL),
(41, '2018-04-13 00:00:00', '140.00', 1, NULL, NULL),
(42, '2018-04-16 00:00:00', '300.00', 10, NULL, NULL),
(43, '2018-04-17 00:00:00', '140.00', 1, NULL, NULL),
(44, '2018-04-19 00:00:00', '140.00', 1, NULL, NULL),
(45, '2018-04-24 00:00:00', '140.00', 1, NULL, NULL),
(46, '2018-04-24 00:00:00', '510.00', 5, NULL, NULL),
(47, '2018-04-25 00:00:00', '450.00', 10, NULL, NULL),
(48, '2018-05-02 00:00:00', '100.00', 10, NULL, NULL),
(49, '2018-05-03 00:00:00', '150.00', 1, NULL, NULL),
(50, '2018-05-04 00:00:00', '140.00', 1, NULL, NULL),
(51, '2018-05-05 00:00:00', '140.00', 1, NULL, NULL),
(52, '2018-05-07 00:00:00', '160.00', 1, NULL, NULL),
(53, '2018-05-09 00:00:00', '140.00', 1, NULL, NULL),
(54, '2018-05-10 00:00:00', '140.00', 1, NULL, NULL),
(55, '2018-05-12 00:00:00', '280.00', 1, NULL, NULL),
(56, '2018-05-14 00:00:00', '150.00', 1, NULL, NULL),
(57, '2018-05-15 00:00:00', '310.00', 1, NULL, NULL),
(58, '2018-05-15 00:00:00', '100.00', 1, NULL, NULL),
(59, '2018-05-16 00:00:00', '140.00', 1, NULL, NULL),
(60, '2018-05-17 00:00:00', '130.00', 1, NULL, NULL),
(61, '2018-05-18 00:00:00', '100.00', 1, NULL, NULL),
(62, '2018-05-21 00:00:00', '140.00', 1, NULL, NULL),
(63, '2018-05-22 00:00:00', '280.00', 1, NULL, NULL),
(64, '2018-05-24 00:00:00', '140.00', 1, NULL, NULL),
(65, '2018-05-24 00:00:00', '140.00', 1, NULL, NULL),
(66, '2018-05-26 00:00:00', '140.00', 1, NULL, NULL),
(67, '2018-05-29 00:00:00', '280.00', 1, NULL, NULL),
(68, '2018-05-30 00:00:00', '140.00', 1, NULL, NULL),
(69, '2018-05-31 00:00:00', '170.00', 1, NULL, NULL),
(70, '2018-06-01 00:00:00', '310.00', 1, NULL, NULL),
(71, '2018-06-02 00:00:00', '280.00', 1, NULL, NULL),
(72, '2018-06-04 00:00:00', '1000.00', 5, NULL, NULL),
(73, '2018-06-05 00:00:00', '210.00', 1, NULL, NULL),
(74, '2018-06-06 00:00:00', '230.00', 1, NULL, NULL),
(75, '2018-06-09 00:00:00', '490.00', 1, NULL, NULL),
(76, '2018-06-11 00:00:00', '140.00', 1, NULL, NULL),
(77, '2018-06-13 00:00:00', '750.00', 1, NULL, NULL),
(78, '2018-06-14 00:00:00', '380.00', 1, NULL, NULL),
(79, '2018-06-15 00:00:00', '160.00', 1, NULL, NULL),
(80, '2018-06-28 00:00:00', '400.00', 1, NULL, NULL),
(81, '2018-06-30 00:00:00', '140.00', 1, NULL, NULL),
(82, '2018-07-03 00:00:00', '140.00', 1, NULL, NULL),
(83, '2018-07-03 00:00:00', '70.00', 1, NULL, NULL),
(84, '2018-07-07 00:00:00', '210.00', 1, NULL, NULL),
(85, '2018-07-07 00:00:00', '300.00', 5, NULL, NULL),
(86, '2018-07-23 00:00:00', '620.00', 1, NULL, NULL),
(87, '2018-07-28 00:00:00', '600.00', 1, NULL, NULL),
(88, '2018-08-22 00:00:00', '200.00', 9, NULL, NULL),
(89, '2018-08-23 00:00:00', '600.00', 1, NULL, NULL),
(90, '2018-08-23 00:00:00', '140.00', 1, NULL, NULL),
(91, '2018-08-27 00:00:00', '100.00', 9, NULL, NULL),
(92, '2018-08-27 00:00:00', '280.00', 1, NULL, NULL),
(93, '2018-08-28 00:00:00', '500.00', 1, NULL, NULL),
(94, '2018-08-29 00:00:00', '210.00', 1, NULL, NULL),
(95, '2018-08-30 00:00:00', '200.00', 1, NULL, NULL),
(96, '2018-08-31 00:00:00', '140.00', 1, NULL, NULL),
(97, '2018-09-01 00:00:00', '100.00', 1, NULL, NULL),
(98, '2018-09-03 00:00:00', '200.00', 1, NULL, NULL),
(99, '2018-09-04 00:00:00', '80.00', 1, NULL, NULL),
(100, '2018-09-05 00:00:00', '790.00', 1, NULL, NULL),
(101, '2018-09-10 00:00:00', '350.00', 1, NULL, NULL),
(102, '2018-09-11 00:00:00', '140.00', 1, NULL, NULL),
(103, '2018-09-11 00:00:00', '420.00', 1, NULL, NULL),
(104, '2018-09-12 00:00:00', '110.00', 1, NULL, NULL),
(105, '2018-09-13 00:00:00', '140.00', 1, NULL, NULL),
(106, '2018-09-16 00:00:00', '140.00', 1, NULL, NULL),
(107, '2018-09-17 00:00:00', '280.00', 1, NULL, NULL),
(108, '2018-09-18 00:00:00', '680.00', 1, NULL, NULL),
(109, '2018-09-19 00:00:00', '140.00', 1, NULL, NULL),
(110, '2018-09-21 00:00:00', '140.00', 1, NULL, NULL),
(111, '2018-09-24 00:00:00', '140.00', 1, NULL, NULL),
(112, '2018-09-25 00:00:00', '140.00', 1, NULL, NULL),
(113, '2018-09-27 00:00:00', '140.00', 1, NULL, NULL),
(114, '2018-10-08 00:00:00', '130.00', 1, 'Katarina Grgi? - MySQL', '2018-10-17 16:07:02'),
(115, '2018-10-10 00:00:00', '150.00', 1, 'Katarina Grgi? - PHP &amp; MySQL', '2018-10-17 16:09:21'),
(116, '2018-10-16 00:00:00', '140.00', 1, 'Katarina Grgi? - po?etak projekta', '2018-10-17 16:17:05'),
(117, '2018-10-17 00:00:00', '140.00', 1, 'Katarina Grgi? - projekt nastavak', '2018-10-17 18:26:15'),
(118, '2017-01-06 00:00:00', '120.00', 1, NULL, NULL),
(119, '2017-01-09 00:00:00', '200.00', 1, NULL, NULL),
(120, '2017-01-14 00:00:00', '160.00', 1, NULL, NULL),
(121, '2017-01-16 00:00:00', '240.00', 1, NULL, NULL),
(122, '2017-01-17 00:00:00', '240.00', 1, NULL, NULL),
(123, '2017-01-19 00:00:00', '120.00', 1, NULL, NULL),
(124, '2017-01-20 00:00:00', '300.00', 1, NULL, NULL),
(125, '2017-01-24 00:00:00', '500.00', 7, NULL, NULL),
(126, '2017-01-25 00:00:00', '300.00', 3, NULL, NULL),
(127, '2017-01-26 00:00:00', '300.00', 3, NULL, NULL),
(128, '2017-01-26 00:00:00', '200.00', 1, NULL, NULL),
(129, '2017-02-10 00:00:00', '120.00', 2, NULL, NULL),
(130, '2017-02-15 00:00:00', '150.00', 4, NULL, NULL),
(131, '2017-02-23 00:00:00', '400.00', 3, NULL, NULL),
(132, '2017-03-15 00:00:00', '200.00', 13, NULL, NULL),
(133, '2017-03-16 00:00:00', '130.00', 4, NULL, NULL),
(134, '2017-03-17 00:00:00', '350.00', 1, NULL, NULL),
(135, '2017-03-17 00:00:00', '2100.00', 4, NULL, NULL),
(136, '2017-03-17 00:00:00', '200.00', 13, NULL, NULL),
(137, '2017-03-17 00:00:00', '120.00', 13, NULL, NULL),
(138, '2017-03-25 00:00:00', '390.00', 13, NULL, NULL),
(139, '2017-04-04 00:00:00', '400.00', 5, NULL, NULL),
(140, '2017-04-07 00:00:00', '200.00', 1, NULL, NULL),
(141, '2017-04-08 00:00:00', '180.00', 1, NULL, NULL),
(142, '2017-04-11 00:00:00', '120.00', 1, NULL, NULL),
(143, '2017-04-13 00:00:00', '200.00', 1, NULL, NULL),
(144, '2017-04-20 00:00:00', '350.00', 4, NULL, NULL),
(145, '2017-04-26 00:00:00', '400.00', 1, NULL, NULL),
(146, '2017-05-04 00:00:00', '150.00', 1, NULL, NULL),
(147, '2017-05-12 00:00:00', '50.00', 1, NULL, NULL),
(148, '2017-05-19 00:00:00', '200.00', 1, NULL, NULL),
(149, '2017-05-22 00:00:00', '120.00', 1, NULL, NULL),
(150, '2017-05-23 00:00:00', '120.00', 1, NULL, NULL),
(151, '2017-05-24 00:00:00', '120.00', 1, NULL, NULL),
(152, '2017-05-25 00:00:00', '120.00', 1, NULL, NULL),
(153, '2017-05-26 00:00:00', '100.00', 1, NULL, NULL),
(154, '2017-05-29 00:00:00', '270.00', 1, NULL, NULL),
(155, '2017-05-30 00:00:00', '350.00', 5, NULL, NULL),
(156, '2017-06-01 00:00:00', '240.00', 1, NULL, NULL),
(157, '2017-06-02 00:00:00', '240.00', 1, NULL, NULL),
(158, '2017-06-02 00:00:00', '2650.00', 5, NULL, NULL),
(159, '2017-06-06 00:00:00', '120.00', 1, NULL, NULL),
(160, '2017-06-09 00:00:00', '120.00', 1, NULL, NULL),
(161, '2017-06-09 00:00:00', '700.00', 5, NULL, NULL),
(162, '2017-06-12 00:00:00', '120.00', 1, NULL, NULL),
(163, '2017-06-13 00:00:00', '120.00', 1, NULL, NULL),
(164, '2017-06-15 00:00:00', '120.00', 1, NULL, NULL),
(165, '2017-06-19 00:00:00', '100.00', 1, NULL, NULL),
(166, '2017-06-22 00:00:00', '120.00', 1, NULL, NULL),
(167, '2017-06-23 00:00:00', '200.00', 1, NULL, NULL),
(168, '2017-07-03 00:00:00', '300.00', 5, NULL, NULL),
(169, '2017-07-03 00:00:00', '2100.00', 5, NULL, NULL),
(170, '2017-07-04 00:00:00', '770.00', 1, NULL, NULL),
(171, '2017-07-06 00:00:00', '600.00', 3, NULL, NULL),
(172, '2017-07-24 00:00:00', '140.00', 1, NULL, NULL),
(173, '2017-07-25 00:00:00', '140.00', 1, NULL, NULL),
(174, '2017-07-26 00:00:00', '140.00', 1, NULL, NULL),
(175, '2017-07-27 00:00:00', '280.00', 1, NULL, NULL),
(176, '2017-08-21 00:00:00', '260.00', 1, NULL, NULL),
(177, '2017-08-22 00:00:00', '690.00', 1, NULL, NULL),
(178, '2017-08-18 00:00:00', '1050.00', 1, NULL, NULL),
(179, '2017-08-22 00:00:00', '140.00', 1, NULL, NULL),
(180, '2017-08-23 00:00:00', '70.00', 1, NULL, NULL),
(181, '2017-08-24 00:00:00', '350.00', 1, NULL, NULL),
(182, '2017-08-25 00:00:00', '210.00', 1, NULL, NULL),
(183, '2017-08-28 00:00:00', '200.00', 1, NULL, NULL),
(184, '2017-09-01 00:00:00', '140.00', 1, NULL, NULL),
(185, '2017-09-08 00:00:00', '810.00', 1, NULL, NULL),
(186, '2017-09-11 00:00:00', '760.00', 1, NULL, NULL),
(187, '2017-09-12 00:00:00', '600.00', 1, NULL, NULL),
(188, '2017-09-13 00:00:00', '200.00', 1, NULL, NULL),
(189, '2017-09-14 00:00:00', '200.00', 1, NULL, NULL),
(190, '2017-09-15 00:00:00', '340.00', 1, NULL, NULL),
(191, '2017-09-16 00:00:00', '100.00', 1, NULL, NULL),
(192, '2017-09-19 00:00:00', '150.00', 1, NULL, NULL),
(193, '2017-09-28 00:00:00', '250.00', 10, NULL, NULL),
(194, '2017-10-03 00:00:00', '50.00', 8, NULL, NULL),
(195, '2017-10-04 00:00:00', '140.00', 1, NULL, NULL),
(196, '2017-10-04 00:00:00', '150.00', 13, NULL, NULL),
(197, '2017-10-05 00:00:00', '250.00', 8, NULL, NULL),
(198, '2017-10-07 00:00:00', '300.00', 8, NULL, NULL),
(199, '2017-10-07 00:00:00', '150.00', 5, NULL, NULL),
(200, '2017-10-10 00:00:00', '700.00', 11, NULL, NULL),
(201, '2017-10-13 00:00:00', '150.00', 12, NULL, NULL),
(202, '2017-10-16 00:00:00', '140.00', 1, NULL, NULL),
(203, '2017-10-17 00:00:00', '280.00', 1, NULL, NULL),
(204, '2017-10-17 00:00:00', '350.00', 7, NULL, NULL),
(205, '2017-10-18 00:00:00', '140.00', 1, NULL, NULL),
(206, '2017-10-20 00:00:00', '740.00', 1, NULL, NULL),
(207, '2017-10-23 00:00:00', '220.00', 1, NULL, NULL),
(208, '2017-10-25 00:00:00', '140.00', 1, NULL, NULL),
(209, '2017-10-26 00:00:00', '500.00', 4, NULL, NULL),
(210, '2017-10-27 00:00:00', '260.00', 7, NULL, NULL),
(211, '2017-10-28 00:00:00', '100.00', 7, NULL, NULL),
(212, '2017-10-30 00:00:00', '140.00', 1, NULL, NULL),
(213, '2017-11-02 00:00:00', '140.00', 1, NULL, NULL),
(214, '2017-11-04 00:00:00', '160.00', 3, NULL, NULL),
(215, '2017-11-04 00:00:00', '200.00', 8, NULL, NULL),
(216, '2017-11-05 00:00:00', '200.00', 8, NULL, NULL),
(217, '2017-11-06 00:00:00', '140.00', 1, NULL, NULL),
(218, '2017-11-12 00:00:00', '350.00', 1, NULL, NULL),
(219, '2017-11-13 00:00:00', '140.00', 1, NULL, NULL),
(220, '2017-11-14 00:00:00', '160.00', 3, NULL, NULL),
(221, '2017-11-15 00:00:00', '140.00', 1, NULL, NULL),
(222, '2017-11-17 00:00:00', '170.00', 5, NULL, NULL),
(223, '2017-11-19 00:00:00', '580.00', 1, NULL, NULL),
(224, '2017-11-20 00:00:00', '140.00', 1, NULL, NULL),
(225, '2017-11-25 00:00:00', '320.00', 1, NULL, NULL),
(226, '2017-11-26 00:00:00', '240.00', 8, NULL, NULL),
(227, '2017-11-27 00:00:00', '140.00', 8, NULL, NULL),
(228, '2017-11-30 00:00:00', '140.00', 7, NULL, NULL),
(229, '2017-12-01 00:00:00', '140.00', 1, NULL, NULL),
(230, '2017-12-03 00:00:00', '200.00', 1, NULL, NULL),
(231, '2017-12-04 00:00:00', '140.00', 8, NULL, NULL),
(232, '2017-12-04 00:00:00', '240.00', 1, NULL, NULL),
(233, '2017-12-04 00:00:00', '150.00', 4, NULL, NULL),
(234, '2017-12-05 00:00:00', '700.00', 1, NULL, NULL),
(235, '2017-12-06 00:00:00', '140.00', 13, NULL, NULL),
(236, '2017-12-07 00:00:00', '150.00', 13, NULL, NULL),
(237, '2017-12-09 00:00:00', '500.00', 1, NULL, NULL),
(238, '2017-12-11 00:00:00', '140.00', 1, NULL, NULL),
(239, '2017-12-12 00:00:00', '140.00', 1, NULL, NULL),
(240, '2017-12-15 00:00:00', '1000.00', 5, NULL, NULL),
(241, '2017-12-15 00:00:00', '140.00', 1, NULL, NULL),
(242, '2017-12-20 00:00:00', '130.00', 1, NULL, NULL),
(243, '2016-01-07 00:00:00', '120.00', 3, NULL, NULL),
(244, '2016-01-08 00:00:00', '200.00', 1, NULL, NULL),
(245, '2016-01-09 00:00:00', '160.00', 7, NULL, NULL),
(246, '2016-01-11 00:00:00', '240.00', 1, NULL, NULL),
(247, '2016-01-12 00:00:00', '240.00', 1, NULL, NULL),
(248, '2016-01-14 00:00:00', '120.00', 1, NULL, NULL),
(249, '2016-01-15 00:00:00', '300.00', 1, NULL, NULL),
(250, '2016-01-17 00:00:00', '500.00', 1, NULL, NULL),
(251, '2016-01-19 00:00:00', '300.00', 1, NULL, NULL),
(252, '2016-01-21 00:00:00', '300.00', 1, NULL, NULL),
(253, '2016-01-22 00:00:00', '200.00', 1, NULL, NULL),
(254, '2016-01-23 00:00:00', '120.00', 4, NULL, NULL),
(255, '2016-01-25 00:00:00', '150.00', 1, NULL, NULL),
(256, '2016-01-26 00:00:00', '400.00', 1, NULL, NULL),
(257, '2016-01-28 00:00:00', '200.00', 1, NULL, NULL),
(258, '2016-01-29 00:00:00', '130.00', 1, NULL, NULL),
(259, '2016-01-30 00:00:00', '350.00', 1, NULL, NULL),
(260, '2016-01-31 00:00:00', '2100.00', 1, NULL, NULL),
(261, '2016-02-02 00:00:00', '200.00', 1, NULL, NULL),
(262, '2016-02-04 00:00:00', '120.00', 1, NULL, NULL),
(263, '2016-02-05 00:00:00', '390.00', 1, NULL, NULL),
(264, '2016-02-08 00:00:00', '400.00', 1, NULL, NULL),
(265, '2016-02-11 00:00:00', '200.00', 1, NULL, NULL),
(266, '2016-02-12 00:00:00', '180.00', 1, NULL, NULL),
(267, '2016-02-13 00:00:00', '120.00', 1, NULL, NULL),
(268, '2016-02-16 00:00:00', '200.00', 1, NULL, NULL),
(269, '2016-02-17 00:00:00', '350.00', 1, NULL, NULL),
(270, '2016-03-02 00:00:00', '400.00', 3, NULL, NULL),
(271, '2016-03-08 00:00:00', '150.00', 1, NULL, NULL),
(272, '2016-03-16 00:00:00', '50.00', 1, NULL, NULL),
(273, '2016-03-17 00:00:00', '200.00', 5, NULL, NULL),
(274, '2016-03-21 00:00:00', '120.00', 1, NULL, NULL),
(275, '2016-03-24 00:00:00', '120.00', 1, NULL, NULL),
(276, '2016-03-31 00:00:00', '120.00', 1, NULL, NULL),
(277, '2016-04-13 00:00:00', '120.00', 1, NULL, NULL),
(278, '2016-04-22 00:00:00', '100.00', 1, NULL, NULL),
(279, '2016-04-26 00:00:00', '270.00', 1, NULL, NULL),
(280, '2016-04-28 00:00:00', '350.00', 1, NULL, NULL),
(281, '2016-04-29 00:00:00', '240.00', 1, NULL, NULL),
(282, '2016-04-30 00:00:00', '240.00', 1, NULL, NULL),
(283, '2016-05-02 00:00:00', '2650.00', 1, NULL, NULL),
(284, '2016-05-03 00:00:00', '120.00', 1, NULL, NULL),
(285, '2016-05-04 00:00:00', '120.00', 1, NULL, NULL),
(286, '2016-05-05 00:00:00', '700.00', 1, NULL, NULL),
(287, '2016-05-07 00:00:00', '120.00', 1, NULL, NULL),
(288, '2016-05-10 00:00:00', '120.00', 1, NULL, NULL),
(289, '2016-05-16 00:00:00', '120.00', 1, NULL, NULL),
(290, '2016-05-17 00:00:00', '100.00', 1, NULL, NULL),
(291, '2016-05-19 00:00:00', '120.00', 1, NULL, NULL),
(292, '2016-05-22 00:00:00', '200.00', 1, NULL, NULL),
(293, '2016-05-22 00:00:00', '300.00', 5, NULL, NULL),
(294, '2016-05-23 00:00:00', '2100.00', 5, NULL, NULL),
(295, '2016-05-23 00:00:00', '770.00', 1, NULL, NULL),
(296, '2016-05-24 00:00:00', '600.00', 1, NULL, NULL),
(297, '2016-05-27 00:00:00', '140.00', 1, NULL, NULL),
(298, '2016-05-30 00:00:00', '140.00', 4, NULL, NULL),
(299, '2016-05-31 00:00:00', '140.00', 1, NULL, NULL),
(300, '2016-06-01 00:00:00', '280.00', 1, NULL, NULL),
(301, '2016-06-06 00:00:00', '260.00', 7, NULL, NULL),
(302, '2016-06-07 00:00:00', '690.00', 1, NULL, NULL),
(303, '2016-06-09 00:00:00', '1050.00', 1, NULL, NULL),
(304, '2016-06-11 00:00:00', '140.00', 1, NULL, NULL),
(305, '2016-06-14 00:00:00', '70.00', 8, NULL, NULL),
(306, '2016-06-16 00:00:00', '350.00', 1, NULL, NULL),
(307, '2016-06-16 00:00:00', '210.00', 1, NULL, NULL),
(308, '2016-06-17 00:00:00', '200.00', 1, NULL, NULL),
(309, '2016-06-19 00:00:00', '140.00', 1, NULL, NULL),
(310, '2016-06-23 00:00:00', '810.00', 1, NULL, NULL),
(311, '2016-06-28 00:00:00', '760.00', 10, NULL, NULL),
(312, '2016-07-01 00:00:00', '600.00', 1, NULL, NULL),
(313, '2016-07-01 00:00:00', '200.00', 1, NULL, NULL),
(314, '2016-07-02 00:00:00', '200.00', 7, NULL, NULL),
(315, '2016-07-04 00:00:00', '340.00', 14, NULL, NULL),
(316, '2016-07-04 00:00:00', '100.00', 1, NULL, NULL),
(317, '2016-07-05 00:00:00', '150.00', 14, NULL, NULL),
(318, '2016-07-08 00:00:00', '250.00', 3, NULL, NULL),
(319, '2016-07-15 00:00:00', '50.00', 7, NULL, NULL),
(320, '2016-07-25 00:00:00', '140.00', 1, NULL, NULL),
(321, '2016-07-26 00:00:00', '150.00', 1, NULL, NULL),
(322, '2016-07-27 00:00:00', '250.00', 5, NULL, NULL),
(323, '2016-07-27 00:00:00', '300.00', 1, NULL, NULL),
(324, '2016-07-28 00:00:00', '150.00', 1, NULL, NULL),
(325, '2016-08-02 00:00:00', '700.00', 1, NULL, NULL),
(326, '2016-08-18 00:00:00', '150.00', 1, NULL, NULL),
(327, '2016-08-20 00:00:00', '140.00', 1, NULL, NULL),
(328, '2016-08-22 00:00:00', '280.00', 1, NULL, NULL),
(329, '2016-08-24 00:00:00', '350.00', 4, NULL, NULL),
(330, '2016-09-05 00:00:00', '140.00', 1, NULL, NULL),
(331, '2016-10-11 00:00:00', '740.00', 5, NULL, NULL),
(332, '2016-10-12 00:00:00', '220.00', 8, NULL, NULL),
(333, '2016-10-15 00:00:00', '140.00', 1, NULL, NULL),
(334, '2016-10-22 00:00:00', '500.00', 7, NULL, NULL),
(335, '2016-10-24 00:00:00', '260.00', 4, NULL, NULL),
(336, '2016-10-31 00:00:00', '100.00', 8, NULL, NULL),
(337, '2016-11-08 00:00:00', '140.00', 1, NULL, NULL),
(338, '2016-11-28 00:00:00', '140.00', 1, NULL, NULL),
(339, '2016-12-01 00:00:00', '160.00', 5, NULL, NULL),
(340, '2016-12-02 00:00:00', '200.00', 1, NULL, NULL),
(341, '2016-12-02 00:00:00', '200.00', 8, NULL, NULL),
(342, '2016-12-04 00:00:00', '140.00', 1, NULL, NULL),
(343, '2016-12-07 00:00:00', '350.00', 1, NULL, NULL),
(344, '2016-12-07 00:00:00', '140.00', 1, NULL, NULL),
(345, '2016-12-09 00:00:00', '160.00', 1, NULL, NULL),
(346, '2016-12-11 00:00:00', '140.00', 1, NULL, NULL),
(347, '2016-12-12 00:00:00', '170.00', 1, NULL, NULL),
(348, '2016-12-14 00:00:00', '580.00', 1, NULL, NULL),
(349, '2016-12-15 00:00:00', '140.00', 1, NULL, NULL),
(350, '2016-12-16 00:00:00', '320.00', 8, NULL, NULL),
(351, '2016-12-20 00:00:00', '240.00', 1, NULL, NULL),
(352, '2016-12-21 00:00:00', '140.00', 5, NULL, NULL),
(353, '2018-10-20 00:00:00', '140.00', 1, 'Katarina Grgi? - projekt 3. Dan', '2018-10-21 02:24:22'),
(354, '2018-10-22 00:00:00', '150.00', 4, 'Matija - Malešnica', '2018-10-22 20:28:28'),
(355, '2018-10-23 00:00:00', '150.00', 1, 'Katarina Grgi? - projekt 4 dan', '2018-10-23 19:05:13'),
(357, '2018-10-25 00:00:00', '140.00', 1, 'Katarina  Grgi? - izrada projekta', '2018-10-25 21:24:59'),
(358, '2018-10-27 00:00:00', '140.00', 1, 'Katarina Grgi? - finalni projekt', '2018-10-27 17:36:26'),
(359, '2018-10-31 00:00:00', '320.00', 4, 'Marija Ti?i? instrukcije', '2018-10-31 19:15:47'),
(360, '2018-11-06 00:00:00', '140.00', 1, 'Katarina Grgi?- projekt', '2018-11-06 22:23:18'),
(361, '2018-11-12 00:00:00', '550.00', 5, 'Prodaja kreveta i madraca', '2018-11-13 09:11:38'),
(362, '2018-11-14 00:00:00', '1400.00', 5, 'Prodaja stola i stolica', '2018-11-14 10:46:55'),
(363, '2018-11-14 00:00:00', '120.00', 1, 'Marina cekovic', '2018-11-14 18:19:15'),
(364, '2018-11-15 00:00:00', '500.00', 1, 'Uplata za zadatke- prvi dio', '2018-11-15 17:00:32'),
(365, '2018-11-21 00:00:00', '500.00', 1, 'Marko butkovi?-zadaci drugi dio', '2018-11-21 23:56:45'),
(366, '2018-11-29 00:00:00', '150.00', 1, 'Antonela Letek', '2018-11-29 20:47:14'),
(367, '2018-12-06 00:00:00', '150.00', 1, 'Antonela instrukcije', '2018-12-06 20:21:16'),
(368, '2018-12-13 00:00:00', '450.00', 13, 'Maria reiner', '2018-12-13 19:53:51'),
(369, '2018-12-18 00:00:00', '1500.00', 5, 'Boži?nica', '2018-12-19 08:43:34'),
(370, '2018-12-20 00:00:00', '150.00', 1, 'Antonela instrukcije', '2018-12-20 22:21:46'),
(371, '2019-01-04 00:00:00', '150.00', 1, 'Antonela instrukcije', '2019-01-04 14:13:27'),
(372, '2019-01-04 00:00:00', '150.00', 13, 'Karmen wp', '2019-01-04 21:29:19'),
(373, '2019-01-08 00:00:00', '700.00', 1, 'Kristina Jeli? - Sisak', '2019-01-08 20:23:41'),
(374, '2019-01-10 00:00:00', '300.00', 3, 'Uplata Ivan Marinkovi? - prva rata', '2019-01-10 09:03:39'),
(375, '2019-01-10 00:00:00', '280.00', 1, 'Antonela', '2019-01-10 19:57:25'),
(376, '2019-01-11 00:00:00', '100.00', 1, 'Komentiranje koda', '2019-01-11 19:15:07'),
(377, '2019-01-16 00:00:00', '600.00', 1, 'Laura Zrile', '2019-01-16 09:16:59'),
(378, '2019-01-16 00:00:00', '100.00', 1, 'Komentar projekta', '2019-01-16 11:52:49'),
(379, '2019-01-21 00:00:00', '200.00', 1, 'Php split', '2019-01-21 10:25:32'),
(380, '2019-01-21 00:00:00', '650.00', 1, 'Php projekt prekršaji zvonimir spoljarec', '2019-01-21 17:06:49'),
(381, '2019-01-21 00:00:00', '100.00', 1, 'Antonela Petek', '2019-01-22 08:57:24'),
(382, '2019-01-23 00:00:00', '200.00', 3, 'Marinkovi? Ivan', '2019-01-23 08:43:58'),
(383, '2019-01-27 00:00:00', '200.00', 4, 'Excel instrukcije', '2019-01-27 22:00:28'),
(384, '2019-01-28 00:00:00', '150.00', 1, 'Zvonimir Spoljarec', '2019-01-28 20:08:13'),
(385, '2019-01-29 00:00:00', '150.00', 1, 'Antonela Petek', '2019-01-29 15:59:57'),
(386, '2019-01-29 00:00:00', '250.00', 1, 'Toni ojdanic', '2019-01-29 16:33:37'),
(387, '2019-01-30 00:00:00', '200.00', 1, 'Antonela Petek projekt', '2019-01-30 10:03:55'),
(388, '2019-01-30 00:00:00', '350.00', 1, 'Seminarski Tomislav Vrdoljak', '2019-01-30 12:33:42'),
(389, '2019-02-01 00:00:00', '250.00', 1, 'Ojdanic projekt', '2019-02-01 18:25:05'),
(390, '2019-02-01 00:00:00', '150.00', 1, 'Zvonimir Spoljarec', '2019-02-01 20:12:28'),
(391, '2019-02-04 00:00:00', '350.00', 1, 'Php projekt vrdoljak', '2019-02-04 18:26:05'),
(392, '2019-02-06 00:00:00', '350.00', 1, 'Php projekti', '2019-02-06 09:09:56'),
(393, '2019-02-07 00:00:00', '400.00', 1, 'Php projekt', '2019-02-07 18:23:59'),
(394, '2019-02-07 00:00:00', '150.00', 1, 'Php zvonimir', '2019-02-07 21:30:24'),
(395, '2019-02-15 00:00:00', '150.00', 1, 'Antonela Petek projekt', '2019-02-15 15:32:49'),
(396, '2019-02-22 00:00:00', '2500.00', 9, 'Web stranica', '2019-02-23 12:19:45'),
(397, '2019-03-11 00:00:00', '150.00', 1, 'Leona', '2019-03-11 22:32:53'),
(398, '2019-03-13 00:00:00', '100.00', 1, 'Php', '2019-03-14 08:52:23'),
(399, '2019-03-14 00:00:00', '150.00', 1, 'Leona instrukcije', '2019-03-14 20:58:41'),
(400, '2019-03-18 00:00:00', '150.00', 1, 'Leona instrukcije', '2019-03-18 20:48:51'),
(401, '2019-03-19 00:00:00', '350.00', 5, 'Izvanredni prihod - putovanje u varaždin', '2019-03-19 16:02:58'),
(402, '2019-03-21 00:00:00', '200.00', 1, 'Vedrana instrukcije', '2019-03-23 18:27:54'),
(403, '2019-03-27 00:00:00', '350.00', 5, 'Prihod od putovanja', '2019-03-27 12:15:48'),
(404, '2019-03-27 00:00:00', '150.00', 13, 'Wordpress', '2019-03-27 22:32:29'),
(405, '2019-04-01 00:00:00', '150.00', 1, 'Leona instrukcije', '2019-04-02 15:43:59'),
(406, '2019-04-02 00:00:00', '150.00', 1, 'Luka instrukcije', '2019-04-03 09:06:23'),
(407, '2019-04-03 00:00:00', '150.00', 1, 'Leona instrukcije', '2019-04-03 19:40:19'),
(408, '2019-04-04 00:00:00', '150.00', 1, 'Leona instrukcije', '2019-04-05 16:07:46'),
(409, '2019-04-05 00:00:00', '350.00', 5, 'Prijevoz vz', '2019-04-05 16:09:34'),
(410, '2019-04-06 00:00:00', '150.00', 1, 'Luka instrukcije', '2019-04-06 23:00:27'),
(411, '2019-04-08 00:00:00', '150.00', 1, 'Leona instrukcije', '2019-04-09 10:24:24'),
(412, '2019-04-10 00:00:00', '150.00', 1, 'Leona instrukcije', '2019-04-11 18:24:11'),
(413, '2019-04-11 00:00:00', '150.00', 1, 'Leona instrukcije', '2019-04-11 18:24:32'),
(414, '2019-04-11 00:00:00', '150.00', 1, 'Vedrana instrukcije', '2019-04-13 16:04:12'),
(415, '2019-04-12 00:00:00', '350.00', 5, 'Fakultet', '2019-04-13 16:04:37'),
(416, '2019-04-14 00:00:00', '150.00', 1, 'Vedrana instrukcije', '2019-04-14 20:56:29'),
(417, '2019-04-16 00:00:00', '150.00', 1, 'Leona instrukcije', '2019-04-16 20:52:29'),
(418, '2019-04-17 00:00:00', '100.00', 4, 'Sara Diklic', '2019-04-17 21:13:14'),
(419, '2019-04-17 00:00:00', '150.00', 1, 'Leona instrukcije', '2019-04-17 21:13:26'),
(420, '2019-04-18 00:00:00', '150.00', 1, 'Leona instrukcije', '2019-04-19 00:39:47'),
(421, '2019-04-17 00:00:00', '600.00', 5, 'Uskrsnjica', '2019-04-19 00:39:23'),
(422, '2019-04-29 00:00:00', '400.00', 1, 'Instrukcije Kristina Jeli?', '2019-05-02 10:12:37'),
(423, '2019-05-02 00:00:00', '300.00', 1, 'Instrukcije PHP', '2019-05-02 23:25:29'),
(424, '2019-05-04 00:00:00', '230.00', 3, 'Fran instrukcije', '2019-05-04 13:24:24'),
(425, '2019-05-05 00:00:00', '150.00', 3, 'Fran instrukcije', '2019-05-05 20:56:35'),
(426, '2019-05-05 00:00:00', '80.00', 2, 'Radman instrukcije', '2019-05-05 20:56:57'),
(427, '2019-05-06 00:00:00', '150.00', 1, 'Lidija instrukcije', '2019-05-07 00:39:50'),
(428, '2019-05-06 00:00:00', '150.00', 1, 'Vedrana instrukcije', '2019-05-07 00:42:18'),
(429, '2019-05-07 00:00:00', '150.00', 1, 'Vedrana instrukcije', '2019-05-07 21:29:58'),
(430, '2019-05-09 00:00:00', '150.00', 1, 'Lidija instrukcije', '2019-05-09 22:38:30'),
(431, '2019-05-10 00:00:00', '350.00', 13, 'Bonjor beauty', '2019-05-10 11:38:06'),
(432, '2019-05-10 00:00:00', '350.00', 5, 'Postdiplomski studij', '2019-05-10 17:33:55'),
(433, '2019-05-14 00:00:00', '150.00', 1, 'Leona instrukcije', '2019-05-15 00:35:07'),
(434, '2019-05-15 00:00:00', '400.00', 1, 'PHP projekt - polovica', '2019-05-15 17:28:29'),
(435, '2019-05-15 00:00:00', '200.00', 1, 'Helena He?imovi? zadatak', '2019-05-16 09:28:41'),
(436, '2019-05-16 00:00:00', '150.00', 1, 'Leona instrukcije', '2019-05-16 23:47:08'),
(437, '2019-05-18 00:00:00', '350.00', 5, 'Postdiplomski studij', '2019-05-18 12:03:19'),
(438, '2019-05-19 00:00:00', '100.00', 1, 'Helena He?imovi?', '2019-05-21 10:51:00'),
(439, '2019-05-21 00:00:00', '150.00', 1, 'Leona instrukcije', '2019-05-21 10:51:15'),
(440, '2019-05-22 00:00:00', '70.00', 1, 'Vedrana instrukcije', '2019-05-23 10:47:07'),
(441, '2019-05-21 00:00:00', '200.00', 5, 'Postdiplomski studij', '2019-05-23 10:47:42'),
(442, '2019-05-27 00:00:00', '300.00', 1, 'Knjižnica projekt 1', '2019-05-27 16:24:07'),
(443, '2019-05-24 00:00:00', '350.00', 5, 'Postdiplomski studij', '2019-05-28 17:01:08'),
(444, '2019-05-29 00:00:00', '200.00', 1, 'Mihaela projekt', '2019-05-29 21:41:14'),
(445, '2019-05-30 00:00:00', '200.00', 5, 'Postdiplomski studij', '2019-05-31 10:14:49'),
(446, '2019-05-31 00:00:00', '350.00', 5, 'Postdiplomski studij', '2019-05-31 10:15:08'),
(447, '2019-05-30 00:00:00', '325.00', 1, 'Tea projekt', '2019-05-31 10:15:28'),
(448, '2019-06-07 00:00:00', '1000.00', 5, 'Izbori', '2019-06-07 17:21:49'),
(449, '2019-06-10 00:00:00', '200.00', 4, 'Martina Sajatovic', '2019-06-10 21:58:59'),
(450, '2019-06-07 00:00:00', '100.00', 1, 'Instrukcije tea', '2019-06-13 21:09:58'),
(451, '2019-06-12 00:00:00', '300.00', 1, 'Rudolf instrukcije', '2019-06-13 21:10:23'),
(452, '2019-06-13 00:00:00', '150.00', 1, 'Ivan prli? instrukcije', '2019-06-13 21:10:44'),
(453, '2019-06-14 00:00:00', '400.00', 5, 'Izbori', '2019-06-15 16:38:57'),
(454, '2019-06-17 00:00:00', '800.00', 1, 'Vedran projekt', '2019-06-17 17:34:57'),
(455, '2019-06-17 00:00:00', '300.00', 1, 'Rudolf instrukcije', '2019-06-18 00:24:06'),
(456, '2019-06-18 00:00:00', '800.00', 9, 'Web stranica', '2019-06-18 13:04:58'),
(457, '2019-06-19 00:00:00', '300.00', 1, 'Rudolf instrukcije', '2019-06-19 21:41:52'),
(458, '2019-06-21 00:00:00', '600.00', 1, 'Rudolf instrukcije', '2019-06-22 00:31:59'),
(459, '2019-06-22 00:00:00', '150.00', 3, 'Marko instrukcije', '2019-06-22 22:50:30'),
(460, '2019-06-24 00:00:00', '325.00', 1, 'Martina orelj', '2019-06-24 11:22:42'),
(461, '2019-06-25 00:00:00', '150.00', 1, 'Prli? instrukcije', '2019-06-25 13:10:47'),
(462, '2019-06-26 00:00:00', '350.00', 1, 'Denis projekt', '2019-06-26 11:59:23'),
(463, '2019-06-26 00:00:00', '325.00', 1, 'Martina projekt', '2019-06-26 16:50:12'),
(464, '2019-06-30 00:00:00', '400.00', 1, 'Josip instrukcije', '2019-06-30 21:12:06'),
(465, '2019-07-01 00:00:00', '300.00', 1, 'Denis Instrukcije', '2019-07-01 16:51:32'),
(466, '2019-07-02 00:00:00', '300.00', 1, 'PHP instrukcije', '2019-07-02 15:55:17'),
(467, '2019-07-04 00:00:00', '200.00', 1, 'Krizanic Instrukcije', '2019-07-04 22:39:21'),
(468, '2019-07-05 00:00:00', '500.00', 1, 'Denis projekt', '2019-07-05 12:50:46'),
(469, '2019-07-05 00:00:00', '150.00', 1, 'Matej instrukcije', '2019-07-05 14:08:25'),
(470, '2019-07-05 00:00:00', '370.00', 1, 'Rudolf Instrukcije', '2019-07-05 19:50:49'),
(471, '2019-07-06 00:00:00', '100.00', 1, 'Martina instrukcije', '2019-07-06 18:49:21'),
(472, '2019-08-19 00:00:00', '150.00', 1, 'Prli?', '2019-08-19 23:16:23'),
(473, '2019-08-24 00:00:00', '150.00', 1, 'Instrukcije', '2019-08-28 12:56:34'),
(474, '2019-08-26 00:00:00', '150.00', 1, 'Instrukcije', '2019-08-28 12:56:48'),
(475, '2019-08-29 00:00:00', '225.00', 1, 'Denis instrukcije', '2019-08-30 02:06:01'),
(476, '2019-08-30 00:00:00', '160.00', 1, 'Matej instrukcije', '2019-08-30 20:34:33'),
(477, '2019-08-31 00:00:00', '200.00', 4, 'Excel', '2019-08-31 13:44:06'),
(478, '2019-08-31 00:00:00', '470.00', 1, 'Kuljanac instrukcije', '2019-08-31 22:32:15'),
(479, '2019-09-01 00:00:00', '450.00', 1, 'Kuljanac instrukcije', '2019-09-01 22:17:21'),
(480, '2012-09-11 00:00:00', '30000.00', 1, 'Proanima', NULL),
(481, '2013-05-05 00:00:00', '20000.00', 1, 'Proanima', NULL),
(482, '2014-09-11 00:00:00', '15000.00', 1, 'Instrukcije PHP', NULL),
(483, '2015-05-05 00:00:00', '25000.00', 1, 'PHP instrukcije', NULL),
(484, '2011-09-01 00:00:00', '10000.00', 1, 'Proanima', '2019-09-01 22:42:13'),
(485, '2010-09-15 00:00:00', '10000.00', 1, 'Proanima', '2019-09-01 22:42:52'),
(486, '2019-09-02 00:00:00', '80.00', 13, 'WordPress', '2019-09-02 19:56:37'),
(487, '2019-09-03 00:00:00', '150.00', 1, 'Topljak', '2019-09-04 08:14:44'),
(488, '2019-09-05 00:00:00', '200.00', 6, 'Marin Fustin', '2019-09-05 15:11:34'),
(489, '2019-09-05 00:00:00', '150.00', 1, 'Karla instrukcije', '2019-09-05 20:44:30'),
(490, '2019-09-05 00:00:00', '600.00', 5, 'Sluzbeno putovanje', '2019-09-05 20:45:03'),
(491, '2019-09-12 00:00:00', '150.00', 1, 'Perlic Instrukcije', '2019-09-12 20:55:48'),
(492, '2019-09-14 00:00:00', '150.00', 1, 'Kuljanac instrukcije', '2019-09-19 13:59:22'),
(493, '2019-09-19 00:00:00', '200.00', 1, 'Ivana Sisak Instrukcije', '2019-09-19 18:38:18'),
(494, '2019-09-20 00:00:00', '1500.00', 18, 'Diplomski', '2019-09-20 08:55:07'),
(495, '2019-09-23 00:00:00', '500.00', 6, 'Fustin aplikacija', '2019-09-23 09:20:03'),
(496, '2019-09-23 00:00:00', '170.00', 1, 'Ivana Instrukcije Sisak', '2019-09-24 09:44:56'),
(497, '2019-09-26 00:00:00', '200.00', 6, 'Fustin', '2019-09-27 04:31:50'),
(498, '2019-10-02 00:00:00', '200.00', 1, 'Ivana Sisak Instrukcije', '2019-10-02 18:25:07'),
(499, '2019-10-04 00:00:00', '400.00', 6, 'Fustin instrukcije', '2019-10-04 14:46:59'),
(500, '2019-10-04 00:00:00', '200.00', 1, 'Ivana Instrukcije Sisak', '2019-10-04 17:38:29'),
(501, '2019-10-14 00:00:00', '100.00', 1, 'Mateo instrukcije100', '2019-10-14 23:02:58'),
(502, '2019-10-16 00:00:00', '200.00', 1, 'Ivana Sisak', '2019-10-16 20:06:12'),
(503, '2019-10-21 00:00:00', '300.00', 6, 'Fustin Instrukcije', '2019-10-21 13:45:34'),
(504, '2019-10-30 00:00:00', '1200.00', 19, 'Radionica za Overseas', '2019-10-30 10:57:19'),
(505, '2019-10-30 00:00:00', '300.00', 6, 'Fustin aplikacija', '2019-10-30 15:18:46'),
(506, '2019-11-13 00:00:00', '275.00', 1, 'Instrukcije', '2019-11-14 12:23:14'),
(507, '2019-11-14 00:00:00', '200.00', 5, 'Dnevnica', '2019-11-14 12:24:34'),
(508, '2019-11-18 00:00:00', '275.00', 1, 'Goran', '2020-02-11 08:20:57'),
(509, '2019-12-24 00:00:00', '10000.00', 5, 'Nagrada firme', '2020-02-11 08:21:43'),
(510, '2019-12-28 00:00:00', '350.00', 5, 'Izbori', '2020-02-11 08:22:14'),
(511, '2020-01-03 00:00:00', '1400.00', 1, 'Ron i Mario', '2020-02-11 08:22:35'),
(512, '2020-01-23 00:00:00', '350.00', 1, 'Php usluga', '2020-02-11 08:24:21'),
(513, '2020-01-28 00:00:00', '700.00', 1, 'Danijela st', '2020-02-11 08:24:47'),
(514, '2020-01-30 00:00:00', '200.00', 8, 'Html', '2020-02-11 08:26:54'),
(515, '2020-02-01 00:00:00', '150.00', 4, 'Excel', '2020-02-11 08:27:14'),
(516, '2020-02-04 00:00:00', '260.00', 1, 'Ron i marko', '2020-02-11 08:28:01'),
(517, '2020-02-05 00:00:00', '400.00', 1, 'Dezelic', '2020-02-11 08:29:04'),
(518, '2019-12-05 00:00:00', '500.00', 1, 'Danijela st', '2020-02-11 08:35:33'),
(519, '2019-12-19 00:00:00', '200.00', 8, 'Neki lik', '2020-02-11 08:36:58'),
(520, '2020-02-11 00:00:00', '350.00', 1, 'Tea Radan', '2020-02-11 20:41:58'),
(521, '2020-02-12 00:00:00', '400.00', 11, 'Instalacija Emina', '2020-02-12 21:47:12'),
(522, '2020-02-13 00:00:00', '150.00', 1, 'Tea Radan Instrukcije', '2020-02-13 16:55:51'),
(523, '2020-02-17 00:00:00', '80.00', 6, 'Access', '2020-02-17 19:14:47'),
(524, '2020-02-17 00:00:00', '250.00', 3, 'Oracle', '2020-02-17 20:36:38'),
(525, '2020-02-28 00:00:00', '700.00', 1, 'Aplikacija Iskra Svjetlosti', '2020-02-28 22:41:12'),
(526, '2020-03-01 00:00:00', '400.00', 5, 'Adobe', '2020-03-01 19:36:10'),
(527, '2020-03-05 00:00:00', '2100.00', 20, 'Edukacija Za Excel', '2020-03-06 08:55:30'),
(528, '2020-04-06 00:00:00', '350.00', 1, 'Php iwa', '2020-04-06 16:06:51'),
(529, '2020-04-20 00:00:00', '300.00', 1, 'Php projekt Madlena Herak', '2020-04-21 09:33:20'),
(530, '2020-04-30 00:00:00', '200.00', 7, 'Lovre Instrukcije', '2020-04-30 15:38:41'),
(531, '2020-05-03 00:00:00', '250.00', 10, 'sime simunic', '2020-05-03 13:26:12'),
(532, '2020-05-06 00:00:00', '250.00', 21, 'Grgac Flincec instrukcije', '2020-05-06 08:32:31'),
(533, '2020-05-07 00:00:00', '250.00', 10, 'Simunic', '2020-05-07 10:16:56'),
(534, '2020-05-07 00:00:00', '100.00', 11, 'Marijeta', '2020-05-07 20:59:31'),
(535, '2020-05-08 00:00:00', '100.00', 21, 'Grgac', '2020-05-09 09:51:16'),
(536, '2020-05-14 00:00:00', '300.00', 1, 'Php projekt prva uplata', '2020-05-16 15:12:35'),
(537, '2020-05-18 00:00:00', '300.00', 1, 'Prvi dio projekta Martina Rozman', '2020-05-18 12:05:48'),
(538, '2020-05-26 00:00:00', '250.00', 1, 'Starinec projekt', '2020-05-26 19:15:20'),
(539, '2020-05-27 00:00:00', '1600.00', 13, 'Deba Sagena', '2020-05-27 18:48:15'),
(540, '2020-05-27 00:00:00', '700.00', 6, 'Kristina Instrukcije', '2020-05-27 21:13:52'),
(541, '2020-05-29 00:00:00', '400.00', 1, 'Martina Rozman 2. Dio', '2020-05-29 21:53:59'),
(542, '2020-06-02 00:00:00', '1000.00', 22, 'MVC projekt Split', '2020-06-02 12:14:32'),
(543, '2020-06-08 00:00:00', '180.00', 1, 'Excel Matija', '2020-06-07 17:41:59'),
(544, '2020-06-07 00:00:00', '600.00', 8, 'Elijah', '2020-06-07 20:24:07'),
(545, '2020-06-08 00:00:00', '150.00', 1, 'Ritt', '2020-06-08 16:17:06'),
(546, '2020-06-08 00:00:00', '150.00', 8, 'Nikola Babic', '2020-06-08 18:49:56'),
(547, '2020-06-09 00:00:00', '200.00', 14, 'Franco foi', '2020-06-09 17:47:22'),
(548, '2020-06-10 00:00:00', '1050.00', 1, 'Php i Javascript', '2020-06-10 11:09:35'),
(549, '2020-06-11 00:00:00', '200.00', 1, 'Objasnjenje projekta Tea Radan', '2020-06-11 12:07:16'),
(550, '2020-06-12 00:00:00', '350.00', 1, 'Karla susic', '2020-06-12 09:17:40'),
(551, '2020-06-23 00:00:00', '350.00', 1, 'Php projekt susic', '2020-06-23 19:24:46'),
(552, '2020-06-24 00:00:00', '350.00', 1, 'Uplata Lojina PHP projekt', '2020-06-24 08:12:12'),
(553, '2020-06-22 00:00:00', '480.00', 6, 'Kristina instrukcije', '2020-06-24 08:13:25'),
(554, '2020-06-29 00:00:00', '200.00', 1, 'Zavrsetak projekta', '2020-06-30 06:24:03'),
(555, '2020-06-30 00:00:00', '2100.00', 5, 'Regres i Uskrsnjica', '2020-06-30 18:27:58'),
(556, '2020-07-01 00:00:00', '250.00', 4, 'Excel Baltazar', '2020-07-01 21:14:35'),
(557, '2020-07-04 00:00:00', '250.00', 4, 'Excel Domagoj Andelic', '2020-07-04 17:41:52'),
(558, '2020-07-10 00:00:00', '425.00', 1, 'Komentari projekt', '2020-07-10 18:56:30'),
(559, '2020-07-13 00:00:00', '100.00', 3, 'Diego algebra', '2020-07-13 11:42:06'),
(560, '2020-07-14 00:00:00', '200.00', 4, 'Baltazar', '2020-07-14 17:48:52'),
(561, '2020-07-15 00:00:00', '150.00', 4, 'Baltazar', '2020-07-16 09:45:55'),
(562, '2020-07-16 00:00:00', '200.00', 5, 'Ostatak dnevnica', '2020-07-16 13:14:51'),
(563, '2020-07-20 00:00:00', '150.00', 3, 'Diego algebra', '2020-07-20 12:29:28'),
(564, '2020-07-28 00:00:00', '400.00', 6, 'Kristina instrukcije', '2020-07-28 14:41:26'),
(565, '2020-07-30 00:00:00', '100.00', 1, 'Zadatak luka', '2020-07-30 13:44:35'),
(566, '2020-08-03 00:00:00', '1000.00', 9, 'Chanceforwalk', '2020-08-03 08:12:44'),
(567, '2020-08-05 00:00:00', '150.00', 7, 'Luka Instrukcije', '2020-08-05 20:33:07'),
(568, '2020-08-10 00:00:00', '150.00', 4, 'Martina sajatovic', '2020-08-10 12:31:45'),
(569, '2020-08-12 00:00:00', '350.00', 1, 'Projekt iwa', '2020-08-12 09:53:18'),
(570, '2020-08-19 00:00:00', '150.00', 1, 'Luka zderic', '2020-08-19 16:44:02'),
(571, '2020-08-20 00:00:00', '350.00', 1, 'Hebrak projekt', '2020-08-20 11:48:02'),
(572, '2020-08-22 00:00:00', '150.00', 22, 'Luka Instrukcije', '2020-08-22 10:54:27'),
(573, '2020-08-24 00:00:00', '150.00', 22, 'Luka Instrukcije', '2020-08-24 17:04:12'),
(574, '2020-08-24 00:00:00', '350.00', 6, 'Kristina Knezovic', '2020-08-24 17:04:33'),
(575, '2020-08-25 00:00:00', '150.00', 22, 'Luka Instrukcije', '2020-08-26 12:19:33'),
(576, '2020-08-29 00:00:00', '150.00', 1, 'Luka Instrukcije', '2020-08-30 14:38:19'),
(577, '2020-09-01 00:00:00', '800.00', 22, 'Luka Instrukcije', '2020-09-01 22:27:53'),
(578, '2020-09-08 00:00:00', '500.00', 1, 'Josipa simunovic', '2020-09-08 07:58:40'),
(579, '2020-09-11 00:00:00', '300.00', 6, 'Ivana cosic', '2020-09-11 07:27:55'),
(580, '2020-09-11 00:00:00', '200.00', 4, 'Baltazar rules', '2020-09-11 15:19:17'),
(581, '2020-09-14 00:00:00', '150.00', 22, 'Elezovic', '2020-09-14 17:36:06'),
(582, '2020-09-15 00:00:00', '200.00', 1, 'Filip Saric Baltazar', '2020-09-15 07:07:57'),
(583, '2020-09-29 00:00:00', '250.00', 6, 'Ms access', '2020-09-29 18:23:22'),
(584, '2020-09-30 00:00:00', '400.00', 22, 'Karolina grgic', '2020-09-30 07:41:38'),
(585, '2020-10-09 00:00:00', '800.00', 1, 'Projekt', '2020-10-09 17:48:00'),
(586, '2020-10-26 00:00:00', '800.00', 9, 'Chanceforwalk', '2020-10-26 19:47:24'),
(587, '2020-10-29 00:00:00', '250.00', 4, 'Baltazar', '2020-10-29 10:48:47'),
(588, '2020-10-30 00:00:00', '100.00', 4, 'Sajatovic', '2020-10-30 09:22:01'),
(589, '2020-10-30 00:00:00', '1000.00', 5, 'Panel diskusija', '2020-10-30 17:47:46'),
(590, '2020-11-17 00:00:00', '800.00', 4, 'Seminar firma', '2020-11-20 09:55:30'),
(591, '2020-11-20 00:00:00', '160.00', 1, 'Martina rozman', '2020-11-20 17:11:52'),
(592, '2020-11-23 00:00:00', '160.00', 1, 'Martina rozman', '2020-11-23 08:30:17'),
(593, '2020-11-24 00:00:00', '160.00', 1, 'Martina rozman', '2020-11-24 09:25:00'),
(594, '2020-11-24 00:00:00', '160.00', 1, 'Martina rozman', '2020-11-24 13:27:29'),
(595, '2020-11-26 00:00:00', '160.00', 1, 'Martina rozman', '2020-11-26 10:31:31'),
(596, '2020-11-27 00:00:00', '160.00', 1, 'Martina rozman', '2020-11-27 13:12:17'),
(597, '2020-11-30 00:00:00', '320.00', 1, 'Martina rozman', '2020-11-30 08:40:42'),
(598, '2020-11-30 00:00:00', '80.00', 1, 'Martina rozman', '2020-11-30 13:35:43'),
(599, '2020-11-30 00:00:00', '400.00', 6, 'Ivan jambresic', '2020-11-30 17:27:13'),
(600, '2020-12-02 00:00:00', '240.00', 1, 'Karla susic', '2020-12-02 09:04:59'),
(601, '2020-12-04 00:00:00', '1500.00', 5, 'Bozicnica', '2020-12-04 17:11:08'),
(602, '2020-12-07 00:00:00', '500.00', 22, 'Leo gotic 1', '2020-12-07 09:05:34'),
(603, '2020-12-08 00:00:00', '400.00', 22, 'Josipa simunovic', '2020-12-08 10:00:19'),
(604, '2020-12-08 00:00:00', '80.00', 4, 'Excel', '2020-12-08 13:31:46'),
(605, '2020-12-11 00:00:00', '150.00', 9, 'Ispit', '2020-12-11 15:53:20'),
(606, '2020-12-16 00:00:00', '1000.00', 9, 'Marijeta', '2020-12-16 20:31:01'),
(607, '2020-12-22 00:00:00', '650.00', 22, 'Gotic', '2020-12-22 12:07:25'),
(608, '2020-12-24 00:00:00', '250.00', 3, 'Lara', '2020-12-24 09:40:47'),
(609, '2020-12-29 00:00:00', '350.00', 1, 'Mia peharec 1. Dio', '2020-12-29 10:17:39'),
(610, '2021-01-15 00:00:00', '100.00', 22, 'Gotic objasniti', '2021-01-18 10:47:38'),
(611, '2021-01-18 00:00:00', '500.00', 1, 'Peharec ostatak', '2021-01-18 10:48:02'),
(612, '2021-01-19 00:00:00', '250.00', 1, 'Ispravak projekta', '2021-01-19 10:56:26'),
(613, '2021-01-24 00:00:00', '330.00', 7, 'Srednja skola', '2021-01-24 21:38:02'),
(614, '2021-01-25 00:00:00', '160.00', 6, 'Domagoj Srecec', '2021-01-25 10:10:26'),
(615, '2021-01-26 00:00:00', '600.00', 13, 'Zrinka Rizvan', '2021-01-26 09:38:19'),
(616, '2021-01-29 00:00:00', '160.00', 6, 'Mario krasnjak', '2021-01-29 11:28:59'),
(617, '2021-01-29 00:00:00', '500.00', 2, 'Dokumenti za Baltazar', '2021-01-29 15:56:14'),
(618, '2021-02-01 00:00:00', '200.00', 6, 'Marko krasnjak', '2021-02-01 08:53:02'),
(619, '2021-02-04 00:00:00', '250.00', 23, 'Asistiranje na ispitu', '2021-02-04 15:32:42'),
(620, '2021-02-05 00:00:00', '250.00', 1, 'Izrada zadatka', '2021-02-05 09:51:32'),
(621, '2021-02-05 00:00:00', '300.00', 1, 'Martina Popovic projekt ispravak', '2021-02-05 12:57:13'),
(622, '2021-02-11 00:00:00', '160.00', 1, 'Ana Zrinski', '2021-02-11 12:27:58'),
(623, '2021-02-11 00:00:00', '300.00', 1, 'Martina Popovic', '2021-02-11 16:36:09'),
(624, '2021-02-12 00:00:00', '350.00', 22, 'Ritt projekt', '2021-02-12 12:39:17'),
(625, '2021-02-15 00:00:00', '300.00', 7, 'Mvc ritt', '2021-02-15 14:39:50'),
(626, '2021-02-17 00:00:00', '100.00', 13, 'Jurjevic', '2021-02-17 11:15:23'),
(627, '2021-02-18 00:00:00', '250.00', 21, 'Karlovac mehaztonika', '2021-02-18 15:39:33'),
(628, '2021-02-19 00:00:00', '180.00', 6, 'Martina cukovic', '2021-02-19 09:59:51'),
(629, '2021-02-19 00:00:00', '450.00', 7, 'Luka Dvornik', '2021-02-19 11:19:58'),
(630, '2021-02-19 00:00:00', '150.00', 7, 'Luka Dvornik', '2021-02-19 21:12:37'),
(631, '2021-02-22 00:00:00', '400.00', 7, 'Luka sebalj', '2021-02-22 17:49:13'),
(632, '2021-02-24 00:00:00', '200.00', 7, 'Iva bubicic', '2021-02-24 15:23:21'),
(633, '2021-02-25 00:00:00', '500.00', 7, 'Lucija Filipovic', '2021-02-25 07:24:38'),
(634, '2021-03-01 00:00:00', '550.00', 7, 'Javascript', '2021-03-01 12:38:39'),
(635, '2021-03-02 00:00:00', '450.00', 14, 'Excel vba', '2021-03-02 15:48:19'),
(636, '2021-03-02 00:00:00', '230.00', 7, 'Luka Dvornik', '2021-03-02 16:31:49'),
(637, '2021-03-02 00:00:00', '100.00', 7, 'Luka Sebalj', '2021-03-02 18:09:24'),
(638, '2021-03-04 00:00:00', '250.00', 7, 'Simunic', '2021-03-04 08:51:56'),
(639, '2021-03-05 00:00:00', '800.00', 4, 'Excel APIS', '2021-03-05 16:06:40'),
(640, '2021-03-10 00:00:00', '650.00', 1, 'Php iwa planeta', '2021-03-10 11:56:43'),
(641, '2021-03-12 00:00:00', '2600.00', 7, 'Apis djelatnici', '2021-03-12 13:09:08'),
(642, '2021-03-16 00:00:00', '300.00', 1, 'Zrinski uplata', '2021-03-16 15:04:01'),
(643, '2021-03-19 00:00:00', '200.00', 14, 'Matija Austrija', '2021-03-19 14:46:13'),
(644, '2021-03-19 00:00:00', '1000.00', 5, 'Prezentacija EFZG APIS', '2021-03-19 15:34:50'),
(645, '2021-03-19 00:00:00', '1000.00', 9, 'Chanceforwalk', '2021-03-19 21:26:55'),
(646, '2021-03-22 00:00:00', '4500.00', 9, 'Stranica za knjige - Munchen', '2021-03-22 12:02:25'),
(647, '2021-03-24 00:00:00', '160.00', 1, 'Ivan sukalic', '2021-03-24 12:36:54'),
(648, '2021-04-01 00:00:00', '540.00', 1, 'Instrukcije', '2021-04-01 18:19:25'),
(649, '2021-04-02 00:00:00', '600.00', 5, 'Apis IT uskrsnjica', '2021-04-02 12:50:30'),
(661, '2021-04-24 00:00:00', '240.00', 1, 'Sukalic', '2021-04-25 20:16:04'),
(659, '2021-04-23 00:00:00', '500.00', 22, 'Dvornik uplata', '2021-04-23 09:19:38'),
(660, '2021-04-22 00:00:00', '100.00', 3, 'Karin imrovic uplata', '2021-04-23 09:20:02'),
(654, '2021-04-12 00:00:00', '500.00', 22, 'Dvornik', '2021-04-12 09:45:02'),
(655, '2021-04-13 00:00:00', '500.00', 1, 'Ana Zrinski Sisak projekt', '2021-04-13 09:10:49'),
(662, '2021-04-27 00:00:00', '600.00', 6, 'Hukman', '2021-04-27 16:25:16'),
(657, '2021-04-19 00:00:00', '300.00', 5, 'Prodan bicikl', '2021-04-19 09:47:00'),
(658, '2021-04-21 00:00:00', '1000.00', 22, 'Simunic RITT', '2021-04-21 07:17:57'),
(663, '2021-04-30 00:00:00', '200.00', 11, 'Ruzica', '2021-04-30 07:22:38'),
(664, '2021-05-05 00:00:00', '600.00', 6, 'Zavrsni rad', '2021-05-05 12:40:08'),
(665, '2021-05-05 00:00:00', '400.00', 11, 'Instalacija Windowsa', '2021-05-05 21:27:39'),
(666, '2021-05-06 00:00:00', '500.00', 6, 'Kvaternik', '2021-05-06 12:36:06'),
(667, '2021-05-11 00:00:00', '250.00', 22, 'Ispit', '2021-05-11 07:28:58'),
(668, '2021-05-12 00:00:00', '350.00', 1, 'Web iwa', '2021-05-12 16:47:56'),
(669, '2021-05-13 00:00:00', '500.00', 6, 'Kvaternik', '2021-05-13 13:04:34'),
(670, '2021-05-19 00:00:00', '500.00', 5, 'Prezentacija Baltazar', '2021-05-19 11:37:02'),
(671, '2021-05-19 00:00:00', '500.00', 6, 'Dokumentacija', '2021-05-19 16:11:35'),
(672, '2021-05-24 00:00:00', '400.00', 1, 'Logar', '2021-05-24 07:36:23'),
(673, '2021-05-24 00:00:00', '200.00', 6, 'Petra Ljubicic', '2021-05-24 16:43:15'),
(674, '2021-05-25 00:00:00', '200.00', 7, 'Novosel', '2021-05-26 11:30:53'),
(675, '2021-05-26 00:00:00', '250.00', 4, 'Majetic', '2021-05-26 11:31:19'),
(676, '2021-05-26 00:00:00', '250.00', 4, 'Radic Baltazar', '2021-05-26 16:56:18'),
(677, '2021-05-27 00:00:00', '400.00', 7, 'Jquery', '2021-05-27 20:41:43'),
(678, '2021-05-28 00:00:00', '400.00', 5, 'Apis izbori', '2021-05-29 12:49:18'),
(679, '2021-06-01 00:00:00', '160.00', 6, 'Petra', '2021-06-01 08:44:12'),
(680, '2021-06-01 00:00:00', '400.00', 1, 'Petra projekt', '2021-06-01 13:15:47'),
(681, '2021-06-01 00:00:00', '160.00', 1, 'Vjeran Instrukcije', '2021-06-01 16:49:52'),
(682, '2021-06-04 00:00:00', '250.00', 4, 'Ispit 1', '2021-06-04 12:37:46'),
(683, '2021-06-05 00:00:00', '300.00', 1, 'Lucija Vucinovec 2', '2021-06-05 08:20:09'),
(684, '2021-06-05 00:00:00', '250.00', 4, 'Dominik Vidovic', '2021-06-05 11:06:35'),
(685, '2021-06-04 00:00:00', '160.00', 1, 'Vjeran Instrukcije', '2021-06-05 16:45:45'),
(686, '2021-06-07 00:00:00', '150.00', 4, 'Solver 1. Dio mihaela', '2021-06-07 07:12:37'),
(687, '2021-06-07 00:00:00', '400.00', 1, 'Uplata prvi iznos Ivica Iwa', '2021-06-07 07:12:59'),
(688, '2021-06-07 00:00:00', '400.00', 1, 'Sara cerinski', '2021-06-07 20:00:16'),
(689, '2021-06-10 00:00:00', '150.00', 4, 'Mihaela', '2021-06-10 08:23:54'),
(690, '2021-06-10 00:00:00', '150.00', 6, 'Split', '2021-06-10 17:00:10'),
(691, '2021-06-10 00:00:00', '1500.00', 5, 'Regres', '2021-06-10 17:00:31'),
(692, '2021-06-10 00:00:00', '380.00', 8, 'Web stranica', '2021-06-10 18:21:21'),
(693, '2021-06-15 00:00:00', '4460.00', 9, 'Uplata Josip Palavra', '2021-06-15 09:46:18'),
(694, '2021-06-15 00:00:00', '160.00', 1, 'Doroteja inst', '2021-06-15 11:14:41'),
(695, '2021-06-15 00:00:00', '300.00', 6, 'Petra baza', '2021-06-15 11:41:11'),
(696, '2021-06-19 00:00:00', '400.00', 1, 'Bermanec 2. Dio', '2021-06-19 10:43:34'),
(697, '2021-06-19 00:00:00', '160.00', 1, 'Doroteja', '2021-06-19 10:44:19'),
(698, '2021-06-21 00:00:00', '1000.00', 1, 'Matea Konta projekt', '2021-06-21 17:12:25'),
(699, '2021-06-22 00:00:00', '500.00', 9, 'Web stranica faks projekt', '2021-06-22 21:28:22'),
(700, '2021-06-23 00:00:00', '400.00', 1, 'Igor logar', '2021-06-23 10:29:54'),
(701, '2021-06-24 00:00:00', '250.00', 4, 'Tanja asistencija', '2021-06-24 14:09:44'),
(702, '2021-06-24 00:00:00', '350.00', 1, 'Karlo Simunec 1. dio', '2021-06-24 20:41:39'),
(703, '2021-06-25 00:00:00', '400.00', 1, 'Matea Turcic', '2021-06-25 10:08:03'),
(704, '2021-06-25 00:00:00', '850.00', 1, 'Matija grgec', '2021-06-25 14:02:15'),
(705, '2021-06-28 00:00:00', '350.00', 1, 'Emilia dorada', '2021-06-28 15:52:58'),
(706, '2021-06-29 00:00:00', '400.00', 1, 'Cerinski 2. Dio', '2021-06-29 09:37:44'),
(707, '2021-06-30 00:00:00', '160.00', 1, 'Doroteja inst', '2021-07-01 06:31:42'),
(708, '2021-07-01 00:00:00', '250.00', 4, 'Baltazar', '2021-07-01 14:54:26'),
(709, '2021-07-02 00:00:00', '300.00', 1, 'Karlo Simunec 2', '2021-07-02 15:22:03'),
(710, '2021-07-06 00:00:00', '160.00', 1, 'Doroteja', '2021-07-06 18:48:17'),
(711, '2021-07-08 00:00:00', '160.00', 1, 'Doroteja inst', '2021-07-08 10:52:38'),
(712, '2021-07-09 00:00:00', '250.00', 4, 'Ispit', '2021-07-10 18:01:03'),
(713, '2021-07-12 00:00:00', '450.00', 1, 'Andrijana lucic', '2021-07-12 19:58:44'),
(714, '2021-07-13 00:00:00', '200.00', 1, 'Karlo Simunec komentari', '2021-07-13 12:36:41'),
(715, '2021-07-13 00:00:00', '180.00', 1, 'Dorotea projekt 1', '2021-07-13 14:28:52'),
(716, '2021-07-14 00:00:00', '180.00', 1, 'Dorotea projekt', '2021-07-14 23:40:33'),
(717, '2021-07-20 00:00:00', '200.00', 6, 'Petra Ljubicic', '2021-07-20 16:04:06'),
(718, '2021-07-22 00:00:00', '750.00', 9, 'Palavra', '2021-07-22 07:38:32'),
(719, '2021-08-18 00:00:00', '425.00', 1, 'Planine 1', '2021-08-18 12:34:46'),
(720, '2021-08-21 00:00:00', '270.00', 1, 'Dorotea projekt', '2021-08-21 17:28:37'),
(721, '2021-08-23 00:00:00', '425.00', 1, 'Antonela Salic 1. Dio', '2021-08-23 13:20:58'),
(722, '2021-08-23 00:00:00', '425.00', 1, 'Matija Ostarjas 2. Uplata', '2021-08-23 21:10:00'),
(723, '2021-08-26 00:00:00', '600.00', 6, 'Petra access', '2021-08-26 17:36:06'),
(724, '2021-08-27 00:00:00', '160.00', 1, 'Matea Turcic instrukcije', '2021-08-27 07:51:14'),
(725, '2021-08-27 00:00:00', '200.00', 1, 'Dorotea projekt', '2021-08-27 08:48:11'),
(726, '2021-09-01 00:00:00', '250.00', 1, 'Ispravak projekt php iwa', '2021-09-01 12:19:49'),
(727, '2021-09-02 00:00:00', '350.00', 1, 'Planine mirkovic', '2021-09-02 16:38:49'),
(728, '2021-09-06 00:00:00', '250.00', 1, 'Popravak projekta', '2021-09-06 07:46:23'),
(729, '2021-09-06 00:00:00', '400.00', 1, 'Andrijana ezaposljavanje 2', '2021-09-06 07:46:53'),
(730, '2021-09-07 00:00:00', '425.00', 1, 'Antonela Salic 2', '2021-09-07 07:42:27'),
(732, '2021-10-12 00:00:00', '400.00', 13, 'Zadaca', '2021-10-12 22:48:06'),
(733, '2021-12-09 00:00:00', '250.00', 10, 'Ispit', '2021-12-09 10:30:16'),
(734, '2021-12-11 00:00:00', '170.00', 22, 'Noa instrukcije', '2021-12-11 19:59:06');
INSERT INTO `instrukcije` (`IdInstrukcija`, `DatumInstrukcije`, `Iznos`, `IdUsluga`, `Opis`, `DatumAzur`) VALUES
(735, '2021-11-11 00:00:00', '0.00', 5, 'Nema', '2021-12-11 20:00:11'),
(736, '2021-12-13 00:00:00', '3000.00', 5, 'Nagrada, Bozicnica', '2021-12-13 20:03:23'),
(737, '2021-12-14 00:00:00', '170.00', 22, 'Csharp noa', '2021-12-14 14:30:22'),
(738, '2021-12-16 00:00:00', '170.00', 22, 'Noa instrukcije', '2021-12-17 06:21:08'),
(739, '2021-12-19 00:00:00', '170.00', 22, 'Noa instrukcije', '2021-12-19 12:37:47'),
(740, '2021-12-20 00:00:00', '85.00', 6, 'Mia', '2021-12-20 11:45:59'),
(741, '2022-01-10 00:00:00', '850.00', 1, 'Projekt iwa', '2022-01-10 18:34:17'),
(742, '2022-01-11 00:00:00', '170.00', 22, 'Noa instrukcije', '2022-01-11 15:26:18'),
(743, '2022-01-13 00:00:00', '85.00', 1, 'Hajdin instrukcije', '2022-01-13 08:31:25'),
(744, '2022-01-13 00:00:00', '170.00', 1, 'Hajdin instrukcije', '2022-01-13 21:07:56'),
(745, '2022-01-14 00:00:00', '170.00', 22, 'Noa instrukcije', '2022-01-14 08:21:18'),
(746, '2022-01-14 00:00:00', '200.00', 6, 'Josipa Dragicevic', '2022-01-14 16:58:46'),
(747, '2022-01-18 00:00:00', '180.00', 1, 'Grizelj Instrukcije', '2022-01-18 08:23:26'),
(748, '2022-01-18 00:00:00', '85.00', 1, 'Hajdin instrukcije', '2022-01-18 21:55:58'),
(749, '2022-01-19 00:00:00', '180.00', 1, 'Grizelj Instrukcije', '2022-01-19 09:02:08'),
(750, '2022-01-19 00:00:00', '180.00', 1, 'Grizelj Instrukcije', '2022-01-19 16:35:44'),
(751, '2022-01-19 00:00:00', '170.00', 22, 'Noa instrukcije', '2022-01-19 20:41:16'),
(752, '2022-01-20 00:00:00', '170.00', 1, 'Hajdin instrukcije', '2022-01-20 17:55:25'),
(753, '2022-01-20 00:00:00', '180.00', 1, 'Grizelj Instrukcije', '2022-01-20 17:55:50'),
(754, '2022-01-21 00:00:00', '170.00', 22, 'Noa instrukcije', '2022-01-26 08:02:59'),
(755, '2022-01-21 00:00:00', '180.00', 1, 'Grizelj Instrukcije', '2022-01-21 15:55:15'),
(756, '2022-01-24 00:00:00', '250.00', 6, 'Instrukcije', '2022-01-24 13:53:00'),
(757, '2022-01-25 00:00:00', '250.00', 6, 'Helena babic', '2022-01-25 10:57:56'),
(758, '2022-01-25 00:00:00', '400.00', 1, 'Neven Salaj projekt prvi dio', '2022-01-25 12:47:14'),
(759, '2022-01-26 00:00:00', '360.00', 1, 'Irena Grizelj Instrukcije', '2022-01-26 08:02:09'),
(760, '2022-01-26 00:00:00', '250.00', 1, 'Hajdin instrukcije', '2022-01-26 13:35:29'),
(761, '2022-01-27 00:00:00', '180.00', 1, 'Irena Grizelj Instrukcije', '2022-01-27 12:50:30'),
(762, '2022-01-30 00:00:00', '170.00', 22, 'Noa instrukcije', '2022-01-31 07:00:21'),
(763, '2022-01-31 00:00:00', '170.00', 22, 'Noa instrukcije', '2022-01-31 22:54:01'),
(764, '2022-02-02 00:00:00', '180.00', 1, 'Irena Grizelj Instrukcije', '2022-02-02 08:16:21'),
(765, '2022-02-02 00:00:00', '170.00', 22, 'Noa instrukcije', '2022-02-02 11:55:21'),
(766, '2022-02-03 00:00:00', '180.00', 1, 'Irena Grizelj Instrukcije', '2022-02-03 08:39:01'),
(767, '2022-02-09 00:00:00', '100.00', 2, 'Rajković', '2022-02-09 16:30:53'),
(768, '2022-02-10 00:00:00', '180.00', 1, 'Grzelj instrukcije', '2022-02-10 08:23:07'),
(769, '2022-02-09 00:00:00', '170.00', 22, 'Noa instrukcije', '2022-02-10 08:23:30'),
(770, '2022-02-10 00:00:00', '170.00', 7, 'dejanovic.marija2801@gmail.com', '2022-02-10 11:42:45'),
(771, '2022-02-10 00:00:00', '300.00', 1, 'Iva Dobrincic projekt', '2022-02-10 12:51:33'),
(772, '2022-02-10 00:00:00', '170.00', 10, 'Martina instrukcije', '2022-02-10 19:42:52'),
(773, '2022-02-14 00:00:00', '180.00', 1, 'Instrukcije grzelj', '2022-02-14 10:00:02'),
(774, '2022-02-14 00:00:00', '170.00', 22, 'Noa instrukcije', '2022-02-14 10:24:24'),
(775, '2022-02-15 00:00:00', '180.00', 1, 'Grzelj instrukcije', '2022-02-15 09:34:02'),
(776, '2022-02-15 00:00:00', '170.00', 7, 'Marija Dejanović', '2022-02-15 21:59:06'),
(777, '2022-02-17 00:00:00', '170.00', 22, 'Noa instrukcije', '2022-02-17 10:23:02'),
(778, '2022-02-18 00:00:00', '180.00', 1, 'Grzelj instrukcije', '2022-02-18 10:14:51'),
(779, '2022-02-21 00:00:00', '180.00', 1, 'Irena Grzelj instrukcije', '2022-02-21 08:19:55'),
(780, '2022-02-21 00:00:00', '450.00', 1, 'Neven Salaj ostatak', '2022-02-21 11:25:58'),
(781, '2022-02-23 00:00:00', '380.00', 1, 'Dijana Hrg instrukcije', '2022-02-23 17:21:54'),
(782, '2022-02-24 00:00:00', '190.00', 1, 'Dijana Hrg instrukcije', '2022-02-24 19:05:47'),
(783, '2022-03-01 00:00:00', '400.00', 1, 'Dijana Hrg instrukcije', '2022-03-01 17:08:43'),
(784, '2022-03-08 00:00:00', '100.00', 22, 'Role Berislav', '2022-03-09 09:57:11'),
(785, '2022-03-09 00:00:00', '100.00', 12, 'Unos formula', '2022-03-10 13:59:23'),
(786, '2022-03-14 00:00:00', '150.00', 2, 'Zadatak formule', '2022-03-14 09:34:32'),
(787, '2022-03-15 00:00:00', '200.00', 1, 'Iva Dobrincic ostatak', '2022-03-15 10:07:34'),
(788, '2022-03-15 00:00:00', '250.00', 22, 'Implementacija rola', '2022-03-15 10:10:43'),
(789, '2022-03-18 00:00:00', '170.00', 22, 'Noa instrukcije', '2022-03-18 12:59:22'),
(790, '2022-03-21 00:00:00', '600.00', 5, 'Baltazar', '2022-03-21 16:18:30'),
(791, '2022-03-22 00:00:00', '300.00', 3, 'Josip Žaja', '2022-03-22 06:26:27'),
(792, '2022-03-23 00:00:00', '180.00', 22, 'Instrukcije za skolu', '2022-03-23 08:46:43'),
(793, '2022-04-06 00:00:00', '150.00', 1, 'Zadatak Dubrovnik', '2022-04-06 10:15:12'),
(794, '2022-04-07 00:00:00', '400.00', 25, 'Prezentacija Baltazar', '2022-04-07 06:38:49'),
(795, '2022-04-09 00:00:00', '170.00', 2, 'Word', '2022-04-09 11:17:10'),
(796, '2022-04-13 00:00:00', '400.00', 1, 'Lana Bačić projekt', '2022-04-13 08:14:01'),
(797, '2022-04-13 00:00:00', '600.00', 5, 'Uskrsnica', '2022-04-13 14:45:18'),
(798, '2022-04-22 00:00:00', '500.00', 6, 'Dijagrami', '2022-04-22 07:19:48'),
(799, '2022-04-29 00:00:00', '330.00', 1, 'Pomoć na ispitu', '2022-04-29 13:18:08'),
(800, '2022-05-02 00:00:00', '170.00', 22, 'Noa instrukcije', '2022-05-02 16:21:51'),
(801, '2022-05-03 00:00:00', '170.00', 22, 'Noa instrukcije', '2022-05-03 21:26:59'),
(802, '2022-05-06 00:00:00', '400.00', 22, 'Danijela Jurčević 1. Dio', '2022-05-06 17:22:34'),
(803, '2022-05-07 00:00:00', '450.00', 1, 'Lana Bačić projekt 2', '2022-05-06 22:03:28'),
(804, '2022-05-07 00:00:00', '170.00', 22, 'Noa instrukcije', '2022-05-07 08:41:10'),
(805, '2022-05-12 00:00:00', '550.00', 22, 'Danijela Jurčević 2. dio', '2022-05-12 12:15:53'),
(806, '2022-05-14 00:00:00', '250.00', 1, 'Vjezba bagaric', '2022-05-14 14:30:15'),
(807, '2022-05-17 00:00:00', '200.00', 8, 'Luka majdančić 1. Dio', '2022-05-17 15:42:15'),
(808, '2022-05-20 00:00:00', '500.00', 22, 'Jasmina zadatak', '2022-05-20 07:57:40'),
(809, '2022-05-20 00:00:00', '200.00', 8, 'Filip bastalić - 2. Dio', '2022-05-20 07:58:21'),
(810, '2022-05-23 00:00:00', '150.00', 22, 'Jasmina zadatak objašnjenje', '2022-05-23 07:18:49'),
(811, '2022-05-24 00:00:00', '400.00', 1, 'Izrada projekta 1', '2022-05-24 15:16:23'),
(812, '2022-05-24 00:00:00', '300.00', 6, 'Izrada access 3 app 1. dio', '2022-05-24 15:16:55'),
(813, '2022-05-29 00:00:00', '250.00', 7, 'Bagarić vježbe', '2022-05-29 19:39:46'),
(814, '2022-06-01 00:00:00', '170.00', 22, 'Noa instrukcije', '2022-06-01 18:05:30'),
(815, '2022-06-01 00:00:00', '3600.00', 5, 'Jubilarna nagrada apis', '2022-06-01 18:05:53'),
(816, '2022-06-02 00:00:00', '300.00', 6, 'Radovi 2', '2022-06-02 09:23:03'),
(817, '2022-06-02 00:00:00', '100.00', 3, 'Helena babic', '2022-06-02 11:44:52'),
(818, '2022-06-03 00:00:00', '500.00', 3, 'Tomislav Orlović 1. Dio', '2022-06-03 08:17:25'),
(819, '2022-06-03 00:00:00', '1500.00', 5, 'Regres firma', '2022-06-03 12:30:37'),
(820, '2022-06-06 00:00:00', '400.00', 1, 'Luka Prpić 2', '2022-06-06 08:16:45'),
(821, '2022-06-06 00:00:00', '300.00', 1, 'Vid bagaric 2', '2022-06-06 11:22:35'),
(822, '2022-06-08 00:00:00', '170.00', 7, 'Ravel instrukcije', '2022-06-08 08:46:53'),
(823, '2022-06-09 00:00:00', '170.00', 7, 'Ravel instrukcije 2', '2022-06-09 06:56:53'),
(824, '2022-06-10 00:00:00', '170.00', 7, 'Javascript 3 Ravel', '2022-06-10 09:54:16'),
(825, '2022-06-10 00:00:00', '200.00', 8, 'Prvi bagaric', '2022-06-10 14:57:11'),
(826, '2022-06-11 00:00:00', '450.00', 1, 'Hrvoje Volarević 1', '2022-06-11 21:18:34'),
(827, '2022-06-13 00:00:00', '350.00', 2, 'Melita Gal 1', '2022-06-13 08:24:45'),
(828, '2022-06-14 00:00:00', '300.00', 6, 'Bruna Glogovic', '2022-06-14 12:38:31'),
(829, '2022-06-15 00:00:00', '600.00', 1, 'Toni Ojdanić projekt', '2022-06-15 10:01:47'),
(830, '2022-06-15 00:00:00', '200.00', 1, 'Vid bagaric 2. Faza', '2022-06-15 15:01:04'),
(831, '2022-06-19 00:00:00', '450.00', 1, 'Luka Volarević 2', '2022-06-19 20:21:52'),
(832, '2022-06-21 00:00:00', '200.00', 1, 'Vid bagaric 3', '2022-06-21 10:36:22'),
(833, '2022-06-21 00:00:00', '350.00', 26, 'Ines Gal projekt', '2022-06-21 16:36:39'),
(834, '2022-06-24 00:00:00', '200.00', 1, 'Vid bagaric zadnje', '2022-06-24 17:42:49'),
(835, '2022-06-30 00:00:00', '500.00', 3, 'Tomislav Orlović 2', '2022-06-30 08:12:19'),
(836, '2022-06-30 00:00:00', '250.00', 7, 'Ivona galic', '2022-06-30 17:10:04'),
(837, '2022-07-06 00:00:00', '250.00', 1, 'Zadaci test', '2022-07-06 09:58:47'),
(838, '2022-07-08 00:00:00', '170.00', 8, 'Romano Dulcic uplata', '2022-07-08 12:04:16'),
(839, '2022-07-12 00:00:00', '170.00', 8, 'Romano Dulcic', '2022-07-12 09:55:42'),
(840, '2022-07-12 00:00:00', '200.00', 1, 'Stock', '2022-07-12 13:29:00'),
(841, '2022-07-13 00:00:00', '340.00', 8, 'Romano Dulcic', '2022-07-13 15:00:19'),
(842, '2022-07-14 00:00:00', '200.00', 1, 'Asistencija ispit', '2022-07-14 18:12:55'),
(843, '2022-07-15 00:00:00', '170.00', 8, 'Romano Dulcic', '2022-07-15 07:30:52');

-- --------------------------------------------------------

--
-- Table structure for table `korisnik`
--

DROP TABLE IF EXISTS `korisnik`;
CREATE TABLE `korisnik` (
  `IdKor` int(11) NOT NULL,
  `Ime` varchar(30) DEFAULT NULL,
  `Prezime` varchar(30) DEFAULT NULL,
  `KorIme` varchar(30) DEFAULT NULL,
  `Sifra` varchar(150) DEFAULT NULL,
  `SifraP` varchar(150) DEFAULT NULL,
  `DatumRodjenja` date DEFAULT NULL,
  `Email` varchar(50) DEFAULT NULL,
  `Uid` varchar(150) DEFAULT NULL,
  `Aktivan` int(11) DEFAULT NULL
) ENGINE=MyISAM DEFAULT CHARSET=utf8;

--
-- Dumping data for table `korisnik`
--

INSERT INTO `korisnik` (`IdKor`, `Ime`, `Prezime`, `KorIme`, `Sifra`, `SifraP`, `DatumRodjenja`, `Email`, `Uid`, `Aktivan`) VALUES
(1, 'Milan', 'Krivic', 'mkrivic', '5dd6611a8faa66bf7149c479cfb536e6', '5dd6611a8faa66bf7149c479cfb536e6', '1983-09-06', 'krivic.milan@gmail.com', 'dfzg63_gnr54TZgcv', 1);

-- --------------------------------------------------------

--
-- Table structure for table `koverta`
--

DROP TABLE IF EXISTS `koverta`;
CREATE TABLE `koverta` (
  `IdUnos` int(11) NOT NULL,
  `Stanje` decimal(7,2) DEFAULT NULL,
  `DatumPromjena` date DEFAULT NULL,
  `Iznos` decimal(7,2) DEFAULT NULL,
  `TipPromjene` varchar(10) DEFAULT NULL,
  `Opis` varchar(256) DEFAULT NULL
) ENGINE=MyISAM DEFAULT CHARSET=utf8;

--
-- Dumping data for table `koverta`
--

INSERT INTO `koverta` (`IdUnos`, `Stanje`, `DatumPromjena`, `Iznos`, `TipPromjene`, `Opis`) VALUES
(1, '7000.00', '2019-01-02', NULL, NULL, NULL),
(2, '7700.00', '2019-01-08', '700.00', 'Uplata', 'Php više sati'),
(3, '8000.00', '2019-01-10', '300.00', 'Uplata', 'Php instrukcije'),
(4, '8400.00', '2019-01-12', '400.00', 'Uplata', 'Sql seminar, komentar'),
(5, '9000.00', '2019-01-20', '600.00', 'Uplata', 'Uplata php'),
(6, '9800.00', '2019-01-21', '800.00', 'Uplata', 'Php projekt prekršaji'),
(7, '10000.00', '2019-01-27', '200.00', 'Uplata', 'Excel'),
(8, '11000.00', '2019-02-03', '1000.00', 'Uplata', 'Php projekti'),
(9, '12000.00', '2019-02-05', '1000.00', 'Uplata', 'Uplata iz redovitog primanja'),
(10, '14000.00', '2019-02-22', '2000.00', 'Uplata', 'Web stranica'),
(12, '12500.00', '2019-03-23', '1500.00', 'Isplata', 'Usklađivanje'),
(13, '11700.00', '2019-04-15', '800.00', 'Isplata', 'Mobitel'),
(14, '12000.00', '2019-06-17', '300.00', 'Uplata', 'Dodatak'),
(15, '11000.00', '2019-08-17', '1000.00', 'Isplata', 'Mirko posudba');

-- --------------------------------------------------------

--
-- Table structure for table `potencijalneinstrukcije`
--

DROP TABLE IF EXISTS `potencijalneinstrukcije`;
CREATE TABLE `potencijalneinstrukcije` (
  `IdInstrukcija` int(11) NOT NULL,
  `NazivInstrukcija` varchar(50) DEFAULT NULL,
  `UslugaId` int(11) DEFAULT NULL,
  `DatumInstrukcije` datetime DEFAULT NULL,
  `NazivKlijent` varchar(30) DEFAULT NULL,
  `EmailKlijent` varchar(30) DEFAULT NULL,
  `TelefonKlijent` varchar(30) DEFAULT NULL,
  `Zavrseno` varchar(2) DEFAULT NULL,
  `DatumZavrsetka` date DEFAULT NULL
) ENGINE=InnoDB DEFAULT CHARSET=utf8;

--
-- Dumping data for table `potencijalneinstrukcije`
--

INSERT INTO `potencijalneinstrukcije` (`IdInstrukcija`, `NazivInstrukcija`, `UslugaId`, `DatumInstrukcije`, `NazivKlijent`, `EmailKlijent`, `TelefonKlijent`, `Zavrseno`, `DatumZavrsetka`) VALUES
(2, 'Osnove JavaScript', 7, '2022-02-09 00:00:00', 'Marija Dejanović', 'dejanovic.marija2801@gmail.com', '0977495285', 'da', '2022-02-10'),
(3, 'MySQL instrukcije', 10, '2022-02-10 00:00:00', 'Martina Jurčević', 'mjurcevic555@gmail.com', '0955305021', 'da', '2022-02-11'),
(4, 'PHP instrukcije', 1, '2022-02-11 00:00:00', 'Iva Dobrinčić', 'iva.dobrincic@gmail.com', '0998509515', 'ne', '2022-02-10'),
(6, 'Word vježba', 2, '2022-02-09 00:00:00', 'Laura Rajković', 'laurarajkovicm@gmail.com', '+385912529063', 'da', '2022-02-09'),
(7, 'PHP instrukcije planine', 1, '2022-02-22 00:00:00', 'Dijana Hrg', 'dijana.hrg@gmail.com', '0883394832', 'da', '2022-03-10');

-- --------------------------------------------------------

--
-- Table structure for table `primanja`
--

DROP TABLE IF EXISTS `primanja`;
CREATE TABLE `primanja` (
  `IdPrimanja` int(11) NOT NULL,
  `Iznos` decimal(7,2) DEFAULT NULL,
  `DatumPrimanja` date NOT NULL
) ENGINE=MyISAM DEFAULT CHARSET=utf8;

--
-- Dumping data for table `primanja`
--

INSERT INTO `primanja` (`IdPrimanja`, `Iznos`, `DatumPrimanja`) VALUES
(1, '11035.00', '2018-01-05'),
(2, '11102.31', '2018-02-02'),
(3, '11102.30', '2018-03-04'),
(4, '11135.00', '2018-04-02'),
(5, '11002.00', '2018-05-03'),
(6, '11118.35', '2018-06-04'),
(7, '11013.27', '2018-07-03'),
(8, '11113.41', '2018-08-02'),
(9, '10980.13', '2018-09-03'),
(10, '12757.17', '2018-10-01'),
(11, '9402.20', '2017-01-01'),
(12, '9819.76', '2017-02-01'),
(13, '10302.00', '2017-03-01'),
(14, '9939.64', '2017-04-01'),
(15, '10974.52', '2017-05-01'),
(16, '11150.00', '2017-06-01'),
(17, '10702.00', '2017-07-01'),
(18, '11102.30', '2017-08-01'),
(19, '10918.19', '2017-09-01'),
(20, '11120.76', '2017-10-01'),
(21, '11135.35', '2017-11-01'),
(22, '11085.64', '2017-12-01'),
(23, '9253.17', '2016-01-01'),
(24, '9260.00', '2016-02-01'),
(25, '9231.56', '2016-03-01'),
(26, '9296.05', '2016-04-01'),
(27, '9312.55', '2016-05-01'),
(28, '9348.25', '2016-06-01'),
(29, '9118.65', '2016-07-01'),
(30, '9345.18', '2016-08-01'),
(31, '9225.16', '2016-09-01'),
(32, '9348.24', '2016-10-01'),
(33, '9365.10', '2016-11-01'),
(34, '9365.00', '2016-12-01'),
(35, '12887.25', '2018-11-02'),
(36, '13457.97', '2018-12-03'),
(37, '12061.62', '2019-01-04'),
(38, '12144.98', '2019-02-04'),
(39, '13218.00', '2019-03-04'),
(40, '12178.45', '2019-04-04'),
(41, '12016.75', '2019-05-03'),
(42, '12178.35', '2019-06-04'),
(43, '11195.49', '2019-07-02'),
(44, '12500.00', '2019-08-06'),
(45, '12157.13', '2019-09-03'),
(46, '12384.02', '2019-10-02'),
(47, '12413.06', '2019-11-06'),
(50, '14133.43', '2019-12-05'),
(51, '13902.43', '2020-01-08'),
(52, '15014.16', '2020-02-04'),
(53, '13879.93', '2020-03-03'),
(54, '13693.68', '2020-04-02'),
(55, '13693.68', '2020-05-05'),
(56, '13693.68', '2020-06-02'),
(57, '13775.68', '2020-07-02'),
(58, '13789.82', '2020-08-04'),
(59, '13777.15', '2020-09-02'),
(60, '13823.00', '2020-10-02'),
(61, '17145.76', '2020-11-03'),
(62, '16904.55', '2020-12-03'),
(63, '16002.09', '2021-01-04'),
(64, '15071.75', '2021-02-02'),
(65, '16281.72', '2021-03-02'),
(66, '15413.33', '2021-04-02'),
(67, '15033.67', '2021-05-04'),
(68, '15879.10', '2021-06-02'),
(69, '15162.02', '2021-07-02'),
(70, '16013.72', '2021-08-18'),
(71, '15053.35', '2021-09-02'),
(72, '15122.75', '2021-10-04'),
(73, '16604.75', '2021-12-03'),
(74, '17276.05', '2021-11-03'),
(75, '16323.17', '2022-01-04'),
(76, '15056.62', '2022-02-02'),
(77, '16872.62', '2022-03-02'),
(78, '16932.10', '2022-04-04'),
(80, '22234.75', '2022-05-03'),
(81, '16677.37', '2022-06-03'),
(82, '16773.18', '2022-07-04');

-- --------------------------------------------------------

--
-- Table structure for table `projekti`
--

DROP TABLE IF EXISTS `projekti`;
CREATE TABLE `projekti` (
  `ProjektId` int(11) NOT NULL,
  `Naziv` varchar(30) DEFAULT NULL,
  `UslugaId` int(11) DEFAULT NULL,
  `RokIsporuke` date DEFAULT NULL,
  `NazivKlijent` varchar(50) DEFAULT NULL,
  `EmailKlijent` varchar(50) DEFAULT NULL,
  `Zavrseno` varchar(2) DEFAULT NULL,
  `DatumZavrsetka` date DEFAULT NULL,
  `Cijena` decimal(10,2) NOT NULL
) ENGINE=InnoDB DEFAULT CHARSET=utf8;

--
-- Dumping data for table `projekti`
--

INSERT INTO `projekti` (`ProjektId`, `Naziv`, `UslugaId`, `RokIsporuke`, `NazivKlijent`, `EmailKlijent`, `Zavrseno`, `DatumZavrsetka`, `Cijena`) VALUES
(1, 'Citati', 1, '2022-02-28', 'Neven Salaj', 'nsalaj12@gmail.com', 'da', '2022-02-21', '850.00'),
(2, 'Planine', 1, '2022-01-31', 'Mihael Hajdin', 'sonofsparda181@gmail.com', 'da', '2022-02-07', '850.00'),
(3, 'Raspored predmeta', 22, '2022-02-14', 'Danijela Jurcevic', 'danijela.jurcevic94@gmail.com', 'da', '2022-05-13', '900.00'),
(4, 'Hrvatske planine', 1, '2022-02-28', 'Iva Dobrinčić', 'iva.dobrincic@gmail.com', 'da', '2022-03-16', '500.00'),
(5, 'Hrvatske planine', 1, '2022-03-11', 'Dijana Hrg', 'dijana.hrg@gmail.com', '', NULL, '950.00'),
(6, 'Mvc net roke', 22, '2022-03-11', 'Berislav Rončević', 'berislav@gmail.com', '', NULL, '350.00'),
(7, 'Znanstveni članci', 1, '2022-04-22', 'Lana Bačić', 'lancib543@gmail.com', 'da', '2022-05-05', '850.00'),
(8, 'SQL analiza', 3, '2022-06-20', 'Tomislav Orlović', 'tomislav.orlovic@gmail.com', '', NULL, '1000.00'),
(9, 'Razredna nastava', 1, '2022-06-05', 'Luka Prpić', 'luka.cupko@gmail.com', '', NULL, '800.00'),
(10, 'Word i ostali', 2, '2022-06-15', 'Ines Gal', 'ines.gal442@gmail.com', '', NULL, '700.00');

-- --------------------------------------------------------

--
-- Table structure for table `projektinaplata`
--

DROP TABLE IF EXISTS `projektinaplata`;
CREATE TABLE `projektinaplata` (
  `IdPN` int(11) NOT NULL,
  `ProjektId` int(11) DEFAULT NULL,
  `UplacenIznos` decimal(5,2) DEFAULT NULL,
  `DatumUplate` date DEFAULT NULL
) ENGINE=InnoDB DEFAULT CHARSET=latin1;

--
-- Dumping data for table `projektinaplata`
--

INSERT INTO `projektinaplata` (`IdPN`, `ProjektId`, `UplacenIznos`, `DatumUplate`) VALUES
(1, 2, '850.00', '2022-01-10'),
(2, 1, '425.00', '2022-01-17'),
(3, 4, '300.00', '2022-02-10'),
(4, 1, '425.00', '2022-02-21'),
(5, 6, '109.00', '2022-03-08'),
(6, 5, '950.00', '2022-03-02'),
(7, 6, '241.00', '2022-03-17'),
(8, 4, '200.00', '2022-03-17'),
(9, 7, '400.00', '2022-04-13'),
(10, 3, '400.00', '2022-05-06'),
(11, 7, '450.00', '2022-05-05'),
(12, 3, '500.00', '2022-05-12'),
(13, 8, '500.00', '2022-06-03'),
(14, 9, '400.00', '2022-05-25'),
(15, 9, '400.00', '2022-06-06');

-- --------------------------------------------------------

--
-- Table structure for table `trosak`
--

DROP TABLE IF EXISTS `trosak`;
CREATE TABLE `trosak` (
  `IdTrosak` int(11) NOT NULL,
  `Naziv` varchar(50) DEFAULT NULL
) ENGINE=MyISAM DEFAULT CHARSET=utf8;

--
-- Dumping data for table `trosak`
--

INSERT INTO `trosak` (`IdTrosak`, `Naziv`) VALUES
(1, 'Kava'),
(2, 'Ručak'),
(3, 'Namirnice i potrepštine'),
(4, 'Odjeća'),
(5, 'Pekara'),
(6, 'Psiholog'),
(7, 'Ostalo'),
(8, 'Mise'),
(9, 'Voće'),
(10, 'Kozmetika'),
(11, 'Gorivo'),
(12, 'Kafić'),
(13, 'Kino'),
(14, 'Teretana'),
(15, 'Donacija'),
(16, 'Izvanredni trošak');

-- --------------------------------------------------------

--
-- Table structure for table `trosaknastanak`
--

DROP TABLE IF EXISTS `trosaknastanak`;
CREATE TABLE `trosaknastanak` (
  `IdTrosNast` int(11) NOT NULL,
  `DatumTrosak` datetime DEFAULT NULL,
  `Iznos` decimal(7,2) DEFAULT NULL,
  `IdTrosak` int(11) DEFAULT NULL,
  `Opis` text,
  `DatumAzur` datetime DEFAULT NULL
) ENGINE=MyISAM DEFAULT CHARSET=utf8;

--
-- Dumping data for table `trosaknastanak`
--

INSERT INTO `trosaknastanak` (`IdTrosNast`, `DatumTrosak`, `Iznos`, `IdTrosak`, `Opis`, `DatumAzur`) VALUES
(1, '2019-01-08 00:00:00', '22.00', 2, 'Ručak u firmi', '2019-01-08 16:48:29'),
(2, '2019-01-08 00:00:00', '12.00', 1, 'Kava u firmi', '2019-01-08 16:48:55'),
(3, '2019-01-07 00:00:00', '22.00', 2, 'Ručak u firmi', '2019-01-08 16:51:44'),
(4, '2019-01-07 00:00:00', '12.00', 1, 'Kava u firmi', '2019-01-08 16:52:43'),
(5, '2019-01-07 00:00:00', '32.00', 1, 'Kava sa Ankicom', '2019-01-08 16:53:24'),
(6, '2019-01-07 00:00:00', '100.00', 6, 'Psiholog - razgovor', '2019-01-08 16:58:44'),
(7, '2019-01-09 00:00:00', '50.00', 7, 'Šišanje', '2019-01-09 13:00:41'),
(8, '2019-01-09 00:00:00', '7.00', 1, 'Čaj u firmi', '2019-01-09 13:01:08'),
(9, '2019-01-10 00:00:00', '12.00', 1, 'Kava u firmi', '2019-01-10 08:05:18'),
(10, '2019-01-09 00:00:00', '10.00', 7, 'Milostinja', '2019-01-10 08:05:50'),
(11, '2019-01-10 00:00:00', '28.00', 2, 'Ručak u firmi', '2019-01-10 14:33:37'),
(12, '2019-01-10 00:00:00', '6.00', 1, 'Kava u firmi', '2019-01-10 14:33:55'),
(13, '2019-01-10 00:00:00', '4.00', 5, 'Kruh', '2019-01-11 09:21:10'),
(14, '2019-01-11 00:00:00', '50.00', 7, 'Donacija Dom Molitve', '2019-01-11 09:22:33'),
(15, '2019-01-11 00:00:00', '100.00', 8, 'Uplata misa', '2019-01-11 19:12:18'),
(16, '2019-01-11 00:00:00', '13.00', 1, 'Kava u firmi', '2019-01-11 19:13:24'),
(17, '2019-01-11 00:00:00', '3.00', 9, 'Banane plac', '2019-01-11 19:14:07'),
(18, '2019-01-12 00:00:00', '270.00', 3, 'Plac Špansko', '2019-01-12 12:18:12'),
(19, '2019-01-12 00:00:00', '290.00', 3, 'Kaufland', '2019-01-12 12:54:14'),
(20, '2019-01-13 00:00:00', '20.00', 7, 'Milostinja', '2019-01-14 11:15:42'),
(21, '2019-01-14 00:00:00', '12.00', 1, 'Kava firmi', '2019-01-14 11:16:31'),
(24, '2019-01-15 00:00:00', '9.00', 1, 'Kava u firmi', '2019-01-15 16:26:02'),
(23, '2019-01-14 00:00:00', '110.00', 6, 'Razgovor', '2019-01-15 13:10:05'),
(25, '2019-01-15 00:00:00', '9.00', 5, 'Sendvič', '2019-01-15 16:26:31'),
(26, '2019-01-16 00:00:00', '15.00', 1, 'Kava u firmi', '2019-01-16 12:28:43'),
(27, '2019-01-16 00:00:00', '244.00', 10, 'BIPA - cajevi, baterije, brijaci...', '2019-01-16 14:36:45'),
(28, '2019-01-17 00:00:00', '6.00', 1, 'Kava u firmi', '2019-01-17 13:08:14'),
(29, '2019-01-17 00:00:00', '28.00', 2, 'Ručak u firmi', '2019-01-17 13:08:41'),
(30, '2019-01-18 00:00:00', '12.00', 1, 'Kava u firmi - jutro', '2019-01-18 12:43:31'),
(31, '2019-01-18 00:00:00', '28.00', 2, 'Ručak u firmi', '2019-01-18 12:43:48'),
(32, '2019-01-19 00:00:00', '20.00', 5, 'Sendvič i kruh', '2019-01-19 15:44:56'),
(33, '2019-01-19 00:00:00', '250.00', 11, 'Gorivo', '2019-01-19 15:46:33'),
(34, '2019-01-19 00:00:00', '174.00', 3, 'Konzim', '2019-01-19 23:30:42'),
(35, '2019-01-19 00:00:00', '50.00', 7, 'Milostinja', '2019-01-19 23:31:10'),
(36, '2019-01-19 00:00:00', '34.00', 12, 'Kafići', '2019-01-19 23:32:21'),
(37, '2019-01-20 00:00:00', '79.00', 3, 'Konzum', '2019-01-21 00:17:49'),
(38, '2019-01-20 00:00:00', '6.00', 7, 'Milostinja', '2019-01-21 00:20:05'),
(39, '2019-01-20 00:00:00', '11.00', 5, 'Kruh', '2019-01-21 00:21:46'),
(40, '2019-01-21 00:00:00', '7.00', 1, 'Kava u firmi', '2019-01-21 10:25:06'),
(41, '2019-01-21 00:00:00', '28.00', 2, 'Ručak u firmi', '2019-01-21 17:07:14'),
(42, '2019-01-21 00:00:00', '10.00', 1, 'Kava u firmi', '2019-01-21 17:07:29'),
(43, '2019-01-22 00:00:00', '12.00', 1, 'Kava u firmi', '2019-01-22 14:32:02'),
(44, '2019-01-22 00:00:00', '180.00', 3, 'Kaufland', '2019-01-23 23:41:39'),
(45, '2019-01-26 00:00:00', '90.00', 2, 'Rucak', '2019-01-27 11:28:04'),
(46, '2019-01-26 00:00:00', '100.00', 7, 'Unbound', '2019-01-27 11:28:24'),
(47, '2019-01-25 00:00:00', '18.00', 1, 'Kava u firmi', '2019-01-27 11:29:10'),
(48, '2019-01-24 00:00:00', '28.00', 2, 'Ručak u firmi', '2019-01-27 11:30:09'),
(49, '2019-01-24 00:00:00', '150.00', 6, 'Psihologica', '2019-01-27 11:30:29'),
(50, '2019-01-24 00:00:00', '30.00', 12, 'Kava u kaficu', '2019-01-27 11:31:37'),
(51, '2019-01-28 00:00:00', '13.00', 1, 'Kava u firmi', '2019-01-28 14:44:13'),
(52, '2019-01-27 00:00:00', '10.00', 7, 'Milostinja', '2019-01-28 14:45:13'),
(53, '2019-01-27 00:00:00', '25.00', 12, 'Kafić', '2019-01-28 14:46:14'),
(54, '2019-01-28 00:00:00', '180.00', 3, 'Konzum', '2019-01-28 20:08:38'),
(55, '2019-01-29 00:00:00', '28.00', 2, 'Ručak u firmi', '2019-01-29 15:55:40'),
(56, '2019-01-30 00:00:00', '15.00', 1, 'Kava u firmi', '2019-01-30 14:45:40'),
(57, '2019-01-29 00:00:00', '25.00', 12, 'Kafić', '2019-01-30 14:46:38'),
(58, '2019-01-30 00:00:00', '50.00', 7, 'Milostinja', '2019-01-30 22:40:47'),
(59, '2019-01-31 00:00:00', '28.00', 2, 'Ručak u firmi', '2019-01-31 23:26:06'),
(60, '2019-01-31 00:00:00', '16.00', 5, 'Sendvič', '2019-01-31 23:26:25'),
(61, '2019-01-31 00:00:00', '200.00', 11, 'Gorivo', '2019-01-31 23:27:53'),
(62, '2019-02-01 00:00:00', '28.00', 2, 'Ručak u firmi', '2019-02-01 21:32:40'),
(63, '2019-02-01 00:00:00', '12.00', 1, 'Kava u firmi', '2019-02-01 21:32:57'),
(64, '2019-02-01 00:00:00', '47.00', 12, 'Vivas', '2019-02-01 21:33:30'),
(65, '2019-02-02 00:00:00', '70.00', 2, 'Ručak kapuciner', '2019-02-02 20:07:54'),
(66, '2019-02-02 00:00:00', '65.00', 7, 'Knjige', '2019-02-02 20:09:11'),
(67, '2019-02-02 00:00:00', '10.00', 5, 'Pekara', '2019-02-02 20:10:13'),
(68, '2019-02-03 00:00:00', '180.00', 3, 'Konzum', '2019-02-03 19:51:30'),
(69, '2019-02-04 00:00:00', '100.00', 6, 'Psiholog', '2019-02-04 18:27:35'),
(70, '2019-02-04 00:00:00', '18.00', 1, 'Kava u firmi', '2019-02-04 18:28:43'),
(71, '2019-02-05 00:00:00', '30.00', 12, 'Red apple', '2019-02-06 00:04:28'),
(72, '2019-02-05 00:00:00', '15.00', 1, 'Kava u firmi', '2019-02-06 00:05:31'),
(73, '2019-02-05 00:00:00', '28.00', 2, 'Ručak u firmi', '2019-02-06 00:05:56'),
(74, '2019-02-06 00:00:00', '25.00', 13, 'Kino - Instant obitelj', '2019-02-07 21:31:03'),
(75, '2019-02-06 00:00:00', '32.00', 7, 'Mcdonalds', '2019-02-07 21:31:47'),
(76, '2019-02-06 00:00:00', '15.00', 12, 'Bambus', '2019-02-07 21:33:15'),
(77, '2019-02-07 00:00:00', '28.00', 2, 'Ručak u firmi', '2019-02-07 21:33:36'),
(78, '2019-02-07 00:00:00', '12.00', 1, 'Kava u firmi', '2019-02-07 21:33:56'),
(79, '2019-02-09 00:00:00', '577.00', 3, 'Kaufland', '2019-02-09 13:35:07'),
(80, '2019-02-09 00:00:00', '40.00', 12, 'Vivas', '2019-02-09 21:58:44'),
(81, '2019-02-09 00:00:00', '200.00', 14, 'Teretana', '2019-02-09 21:59:30'),
(82, '2019-02-10 00:00:00', '22.00', 7, 'Milostinja', '2019-02-11 10:22:05'),
(83, '2019-02-11 00:00:00', '120.00', 15, 'Marijini obroci', '2019-02-11 10:22:53'),
(84, '2019-02-11 00:00:00', '29.00', 2, 'Ručak u firmi', '2019-02-11 18:32:20'),
(85, '2019-02-12 00:00:00', '60.00', 12, 'Kafic', '2019-02-13 08:59:41'),
(86, '2019-02-12 00:00:00', '28.00', 2, 'Ručak u firmi', '2019-02-13 09:00:11'),
(87, '2019-02-12 00:00:00', '6.00', 1, 'Kava u firmi', '2019-02-13 09:01:14'),
(88, '2019-02-13 00:00:00', '150.00', 3, 'Kaufland', '2019-02-14 09:57:32'),
(89, '2019-02-13 00:00:00', '25.00', 7, 'Milostinja', '2019-02-14 09:57:57'),
(90, '2019-02-13 00:00:00', '10.00', 1, 'Kava u firmi', '2019-02-14 09:58:48'),
(91, '2019-02-14 00:00:00', '153.00', 7, 'Posta', '2019-02-15 15:34:06'),
(92, '2019-02-14 00:00:00', '37.00', 7, 'Kebab', '2019-02-15 16:16:00'),
(93, '2019-02-14 00:00:00', '12.00', 1, 'Kava u firmi', '2019-02-15 16:16:24'),
(94, '2019-02-15 00:00:00', '40.00', 12, 'Medeni', '2019-02-15 23:58:36'),
(95, '2019-02-15 00:00:00', '18.00', 1, 'Kava u firmi', '2019-02-15 23:59:19'),
(96, '2019-02-17 00:00:00', '55.00', 12, 'Kava natalia', '2019-02-18 13:31:26'),
(97, '2019-02-17 00:00:00', '107.00', 3, 'Konzun', '2019-02-18 13:31:48'),
(98, '2019-02-17 00:00:00', '25.00', 7, 'Milostinja', '2019-02-18 13:32:22'),
(99, '2019-02-16 00:00:00', '35.00', 12, 'Kava Ivana', '2019-02-18 13:33:39'),
(100, '2019-02-16 00:00:00', '140.00', 2, 'Ručak ivana', '2019-02-18 13:34:34'),
(101, '2019-02-16 00:00:00', '20.00', 12, 'Pivnica', '2019-02-18 13:34:53'),
(102, '2019-02-16 00:00:00', '200.00', 15, '40 dana za zivot', '2019-02-18 13:35:35'),
(103, '2019-02-19 00:00:00', '28.00', 2, 'Ručak u firmi', '2019-02-20 17:20:37'),
(104, '2019-02-19 00:00:00', '12.00', 1, 'Kava u firmi', '2019-02-20 17:20:53'),
(105, '2019-02-19 00:00:00', '20.00', 12, 'Kafić', '2019-02-20 17:21:08'),
(106, '2019-02-18 00:00:00', '28.00', 2, 'Ručak u firmi', '2019-02-20 17:21:42'),
(107, '2019-02-18 00:00:00', '18.00', 1, 'Kava u firmi', '2019-02-20 17:22:00'),
(108, '2019-02-22 00:00:00', '22.00', 2, 'Ručak u firmi', '2019-02-22 14:39:52'),
(109, '2019-02-22 00:00:00', '12.00', 1, 'Kava u firmi', '2019-02-22 14:40:13'),
(110, '2019-02-22 00:00:00', '23.00', 12, 'Kafić mladen Dalic', '2019-02-22 14:41:03'),
(111, '2019-02-21 00:00:00', '100.00', 12, 'Utakmica dinamo plzen', '2019-02-22 14:41:43'),
(112, '2019-02-21 00:00:00', '20.00', 5, 'Dubravica', '2019-02-22 14:42:04'),
(113, '2019-02-21 00:00:00', '28.00', 2, 'Ručak u firmi', '2019-02-22 14:42:37'),
(114, '2019-02-21 00:00:00', '12.00', 1, 'Kava u firmi', '2019-02-22 14:42:50'),
(115, '2019-02-23 00:00:00', '100.00', 7, 'Seminar Unbound', '2019-02-24 19:31:41'),
(116, '2019-02-23 00:00:00', '120.00', 3, 'Robi rockas', '2019-02-24 19:32:01'),
(117, '2019-02-23 00:00:00', '60.00', 2, 'Ručak', '2019-02-24 19:32:59'),
(118, '2019-02-23 00:00:00', '25.00', 1, 'Kava jedro', '2019-02-24 19:33:21'),
(119, '2019-02-24 00:00:00', '20.00', 7, 'Milostinja', '2019-02-24 19:33:55'),
(120, '2019-02-24 00:00:00', '163.00', 16, 'Prijevoz Krapina', '2019-02-25 13:00:14'),
(121, '2019-03-07 00:00:00', '27.00', 1, 'Kava u firmi', '2019-03-07 08:53:07'),
(122, '2019-03-06 00:00:00', '22.00', 2, 'Ručak u firmi', '2019-03-07 08:53:34'),
(123, '2019-03-14 00:00:00', '28.00', 2, 'Ručak u firmi', '2019-03-14 20:59:23'),
(124, '2019-03-14 00:00:00', '18.00', 1, 'Kava u firmi', '2019-03-14 21:00:53'),
(125, '2019-03-14 00:00:00', '114.00', 3, 'Konzum', '2019-03-14 21:01:54'),
(126, '2019-03-13 00:00:00', '10.00', 1, 'Kava u firmi', '2019-03-14 21:04:32'),
(127, '2019-03-12 00:00:00', '28.00', 2, 'Ručak u firmi', '2019-03-14 21:05:01'),
(128, '2019-03-08 00:00:00', '18.00', 1, 'Kava u firmi', '2019-03-18 20:50:01'),
(129, '2019-03-08 00:00:00', '22.00', 2, 'Ručak u firmi', '2019-03-18 20:50:35'),
(130, '2019-03-10 00:00:00', '50.00', 7, 'Day off', '2019-03-18 20:55:20'),
(131, '2019-03-11 00:00:00', '18.00', 1, 'Kava u firmi', '2019-03-18 20:55:41'),
(132, '2019-03-11 00:00:00', '28.00', 2, 'Ručak u firmi', '2019-03-18 20:56:23'),
(133, '2019-03-19 00:00:00', '10.00', 1, 'Kava u firmi', '2019-03-19 16:00:16'),
(134, '2019-03-19 00:00:00', '28.00', 2, 'Ručak u firmi', '2019-03-19 16:00:31'),
(135, '2019-04-01 00:00:00', '28.00', 1, 'Kava u firmi', '2019-04-02 15:17:21'),
(136, '2019-04-01 00:00:00', '28.00', 2, 'Ručak u firmi', '2019-04-02 15:17:40'),
(137, '2019-04-01 00:00:00', '45.00', 12, 'Pizza kafić', '2019-04-02 15:18:27'),
(138, '2019-04-02 00:00:00', '28.00', 2, 'Ručak', '2019-04-02 15:19:28'),
(139, '2019-04-02 00:00:00', '20.00', 1, 'Kava SMS', '2019-04-03 09:07:13');

-- --------------------------------------------------------

--
-- Table structure for table `usluga`
--

DROP TABLE IF EXISTS `usluga`;
CREATE TABLE `usluga` (
  `IdUsluga` int(11) NOT NULL,
  `Naziv` varchar(50) DEFAULT NULL
) ENGINE=MyISAM DEFAULT CHARSET=utf8;

--
-- Dumping data for table `usluga`
--

INSERT INTO `usluga` (`IdUsluga`, `Naziv`) VALUES
(1, 'PHP'),
(2, 'Word'),
(3, 'SQL'),
(4, 'Excel'),
(5, 'Ostalo'),
(6, 'MS Access'),
(7, 'JavaScript'),
(8, 'HTML'),
(9, 'Web'),
(10, 'MySQL'),
(11, 'Windows'),
(12, 'MS Word'),
(14, 'VB'),
(13, 'Wordpress'),
(18, 'Seminarski rad'),
(19, 'MS Project'),
(20, 'Edukacija APIS'),
(21, 'C jezik'),
(22, 'MVC C# .NET'),
(23, 'Asistencija ispit'),
(24, 'Jquery'),
(25, 'Predavanje fakultet'),
(26, 'Office 365');

--
-- Indexes for dumped tables
--

--
-- Indexes for table `instrukcije`
--
ALTER TABLE `instrukcije`
  ADD PRIMARY KEY (`IdInstrukcija`),
  ADD KEY `fk_usluga` (`IdUsluga`);

--
-- Indexes for table `korisnik`
--
ALTER TABLE `korisnik`
  ADD PRIMARY KEY (`IdKor`);

--
-- Indexes for table `koverta`
--
ALTER TABLE `koverta`
  ADD PRIMARY KEY (`IdUnos`);

--
-- Indexes for table `potencijalneinstrukcije`
--
ALTER TABLE `potencijalneinstrukcije`
  ADD PRIMARY KEY (`IdInstrukcija`);

--
-- Indexes for table `primanja`
--
ALTER TABLE `primanja`
  ADD PRIMARY KEY (`IdPrimanja`);

--
-- Indexes for table `projekti`
--
ALTER TABLE `projekti`
  ADD PRIMARY KEY (`ProjektId`);

--
-- Indexes for table `projektinaplata`
--
ALTER TABLE `projektinaplata`
  ADD PRIMARY KEY (`IdPN`);

--
-- Indexes for table `trosak`
--
ALTER TABLE `trosak`
  ADD PRIMARY KEY (`IdTrosak`);

--
-- Indexes for table `trosaknastanak`
--
ALTER TABLE `trosaknastanak`
  ADD PRIMARY KEY (`IdTrosNast`),
  ADD KEY `fk_trosak` (`IdTrosak`);

--
-- Indexes for table `usluga`
--
ALTER TABLE `usluga`
  ADD PRIMARY KEY (`IdUsluga`);

--
-- AUTO_INCREMENT for dumped tables
--

--
-- AUTO_INCREMENT for table `instrukcije`
--
ALTER TABLE `instrukcije`
  MODIFY `IdInstrukcija` int(11) NOT NULL AUTO_INCREMENT, AUTO_INCREMENT=844;

--
-- AUTO_INCREMENT for table `korisnik`
--
ALTER TABLE `korisnik`
  MODIFY `IdKor` int(11) NOT NULL AUTO_INCREMENT, AUTO_INCREMENT=2;

--
-- AUTO_INCREMENT for table `koverta`
--
ALTER TABLE `koverta`
  MODIFY `IdUnos` int(11) NOT NULL AUTO_INCREMENT, AUTO_INCREMENT=16;

--
-- AUTO_INCREMENT for table `potencijalneinstrukcije`
--
ALTER TABLE `potencijalneinstrukcije`
  MODIFY `IdInstrukcija` int(11) NOT NULL AUTO_INCREMENT, AUTO_INCREMENT=8;

--
-- AUTO_INCREMENT for table `primanja`
--
ALTER TABLE `primanja`
  MODIFY `IdPrimanja` int(11) NOT NULL AUTO_INCREMENT, AUTO_INCREMENT=83;

--
-- AUTO_INCREMENT for table `projekti`
--
ALTER TABLE `projekti`
  MODIFY `ProjektId` int(11) NOT NULL AUTO_INCREMENT, AUTO_INCREMENT=11;

--
-- AUTO_INCREMENT for table `projektinaplata`
--
ALTER TABLE `projektinaplata`
  MODIFY `IdPN` int(11) NOT NULL AUTO_INCREMENT, AUTO_INCREMENT=16;

--
-- AUTO_INCREMENT for table `trosak`
--
ALTER TABLE `trosak`
  MODIFY `IdTrosak` int(11) NOT NULL AUTO_INCREMENT, AUTO_INCREMENT=17;

--
-- AUTO_INCREMENT for table `trosaknastanak`
--
ALTER TABLE `trosaknastanak`
  MODIFY `IdTrosNast` int(11) NOT NULL AUTO_INCREMENT, AUTO_INCREMENT=140;

--
-- AUTO_INCREMENT for table `usluga`
--
ALTER TABLE `usluga`
  MODIFY `IdUsluga` int(11) NOT NULL AUTO_INCREMENT, AUTO_INCREMENT=27;
COMMIT;

/*!40101 SET CHARACTER_SET_CLIENT=@OLD_CHARACTER_SET_CLIENT */;
/*!40101 SET CHARACTER_SET_RESULTS=@OLD_CHARACTER_SET_RESULTS */;
/*!40101 SET COLLATION_CONNECTION=@OLD_COLLATION_CONNECTION */;
